,Player,Nation,Pos,Squad,Comp,Age,MP,Starts,Min,90s,Won%,Rk_stats_keeper,Nation_stats_keeper,Pos_stats_keeper,Comp_stats_keeper,Age_stats_keeper,Born_stats_keeper,MP_stats_keeper,Starts_stats_keeper,Min_stats_keeper,90s_stats_keeper,GA,GA90,SoTA,Saves,Save%,W,D,L,CS,CS%,PKatt_stats_keeper,PKA,PKsv,PKm,Rk_stats_keeper_adv,Nation_stats_keeper_adv,Pos_stats_keeper_adv,Comp_stats_keeper_adv,Age_stats_keeper_adv,Born_stats_keeper_adv,90s_stats_keeper_adv,GA_stats_keeper_adv,PKA_stats_keeper_adv,FK_stats_keeper_adv,CK_stats_keeper_adv,OG_stats_keeper_adv,PSxG,PSxG/SoT,PSxG+/-,/90,Cmp_stats_keeper_adv,Att_stats_keeper_adv,Cmp%_stats_keeper_adv,Att (GK),Thr,Launch%,AvgLen,Opp,Stp,Stp%,#OPA,#OPA/90,AvgDist
33,Adrián,es ESP,GK,Betis,es La Liga,37.0,19,19,1710,19.0,66.7,1.0,es ESP,GK,es La Liga,37.0,1987.0,19.0,19.0,1710.0,19.0,27.0,1.42,76.0,49.0,65.8,10.0,5.0,4.0,3.0,15.8,1.0,1.0,0.0,0.0,1.0,es ESP,GK,es La Liga,37.0,1987.0,19.0,27.0,1.0,2.0,5.0,0.0,26.0,0.33,-1.0,-0.05,58.0,178.0,32.6,507.0,91.0,28.0,31.2,257.0,14.0,5.4,16.0,0.84,11.7
42,Julen Agirrezabala,es ESP,GK,Athletic Club,es La Liga,23.0,14,14,1206,13.4,100.0,2.0,es ESP,GK,es La Liga,23.0,2000.0,14.0,14.0,1206.0,13.4,9.0,0.67,34.0,24.0,76.5,9.0,4.0,1.0,5.0,35.7,2.0,1.0,1.0,0.0,2.0,es ESP,GK,es La Liga,23.0,2000.0,13.4,9.0,1.0,2.0,1.0,0.0,10.5,0.27,1.5,0.11,57.0,178.0,32.0,341.0,51.0,37.5,33.9,143.0,20.0,14.0,17.0,1.27,14.2
87,Alisson,br BRA,GK,Liverpool,eng Premier League,31.0,28,28,2508,27.9,100.0,4.0,br BRA,GK,eng Premier League,31.0,1992.0,28.0,28.0,2508.0,27.9,29.0,1.04,100.0,73.0,72.0,18.0,7.0,3.0,9.0,32.1,1.0,1.0,0.0,0.0,4.0,br BRA,GK,eng Premier League,31.0,1992.0,27.9,29.0,1.0,0.0,2.0,2.0,30.5,0.3,3.5,0.13,68.0,203.0,33.5,877.0,128.0,19.7,26.6,255.0,11.0,4.3,49.0,1.76,16.0
147,Alphonse Areola,fr FRA,GK,West Ham,eng Premier League,31.0,26,25,2260,25.1,100.0,5.0,fr FRA,GK,eng Premier League,31.0,1993.0,26.0,25.0,2260.0,25.1,41.0,1.63,115.0,77.0,64.3,5.0,7.0,13.0,5.0,20.0,0.0,0.0,0.0,0.0,5.0,fr FRA,GK,eng Premier League,31.0,1993.0,25.1,41.0,0.0,0.0,5.0,3.0,35.4,0.31,-2.6,-0.1,135.0,384.0,35.2,788.0,119.0,34.4,32.1,394.0,15.0,3.8,30.0,1.19,15.0
160,Kepa Arrizabalaga,es ESP,GK,Bournemouth,eng Premier League,29.0,31,31,2790,31.0,87.5,6.0,es ESP,GK,eng Premier League,29.0,1994.0,31.0,31.0,2790.0,31.0,39.0,1.26,134.0,95.0,73.9,13.0,7.0,11.0,8.0,25.8,4.0,4.0,0.0,0.0,6.0,es ESP,GK,eng Premier League,29.0,1994.0,31.0,39.0,4.0,0.0,4.0,0.0,41.0,0.28,2.0,0.07,132.0,365.0,36.2,831.0,122.0,33.2,32.9,367.0,22.0,6.0,54.0,1.74,16.0
173,Noah Atubolu,de GER,GK,Freiburg,de Bundesliga,22.0,26,26,2307,25.6,90.9,7.0,de GER,GK,de Bundesliga,22.0,2002.0,26.0,26.0,2307.0,25.6,37.0,1.44,120.0,81.0,69.2,12.0,6.0,8.0,10.0,38.5,2.0,0.0,2.0,0.0,7.0,de GER,GK,de Bundesliga,22.0,2002.0,25.6,37.0,0.0,1.0,3.0,0.0,37.0,0.3,0.0,0.0,159.0,414.0,38.4,1012.0,110.0,32.4,33.1,377.0,34.0,9.0,28.0,1.09,12.7
174,Emil Audero,id IDN,GK,Como,it Serie A,27.0,8,8,720,8.0,66.7,8.0,id IDN,GK,it Serie A,27.0,1997.0,8.0,8.0,720.0,8.0,18.0,2.25,34.0,16.0,58.8,2.0,2.0,4.0,0.0,0.0,4.0,4.0,0.0,0.0,8.0,id IDN,GK,it Serie A,27.0,1997.0,8.0,18.0,4.0,0.0,2.0,0.0,12.4,0.27,-5.6,-0.7,17.0,55.0,30.9,232.0,30.0,22.0,28.6,95.0,5.0,5.3,8.0,1.0,12.9
259,Augusto Batalla,ar ARG,GK,Rayo Vallecano,es La Liga,28.0,32,32,2880,32.0,100.0,10.0,ar ARG,GK,es La Liga,28.0,1996.0,32.0,32.0,2880.0,32.0,39.0,1.22,133.0,93.0,75.2,10.0,12.0,10.0,8.0,25.0,8.0,6.0,2.0,0.0,10.0,ar ARG,GK,es La Liga,28.0,1996.0,32.0,39.0,6.0,0.0,6.0,1.0,40.0,0.25,2.0,0.06,177.0,534.0,33.1,989.0,129.0,42.3,38.2,453.0,35.0,7.7,38.0,1.19,14.4
263,Oliver Baumann,de GER,GK,Hoffenheim,de Bundesliga,34.0,28,28,2520,28.0,100.0,11.0,de GER,GK,de Bundesliga,34.0,1990.0,28.0,28.0,2520.0,28.0,53.0,1.89,138.0,84.0,63.0,6.0,8.0,14.0,4.0,14.3,5.0,2.0,3.0,0.0,11.0,de GER,GK,de Bundesliga,34.0,1990.0,28.0,53.0,2.0,1.0,7.0,2.0,52.1,0.36,1.1,0.04,178.0,478.0,37.2,923.0,121.0,41.6,36.5,407.0,18.0,4.4,31.0,1.11,14.5
342,Marco Bizot,nl NED,GK,Brest,fr Ligue 1,33.0,32,32,2880,32.0,100.0,15.0,nl NED,GK,fr Ligue 1,33.0,1991.0,32.0,32.0,2880.0,32.0,54.0,1.69,128.0,74.0,64.1,14.0,5.0,13.0,10.0,31.3,10.0,8.0,1.0,1.0,15.0,nl NED,GK,fr Ligue 1,33.0,1991.0,32.0,54.0,8.0,1.0,4.0,1.0,46.2,0.31,-6.8,-0.21,218.0,522.0,41.8,902.0,134.0,42.0,36.0,459.0,33.0,7.2,53.0,1.66,16.2
423,Jean Butez,fr FRA,GK,Como,it Serie A,29.0,19,18,1666,18.5,100.0,16.0,fr FRA,GK,it Serie A,29.0,1995.0,19.0,18.0,1666.0,18.5,20.0,1.08,68.0,48.0,73.5,8.0,4.0,6.0,5.0,27.8,2.0,2.0,0.0,0.0,16.0,fr FRA,GK,it Serie A,29.0,1995.0,18.5,20.0,2.0,0.0,1.0,0.0,20.1,0.27,0.1,0.0,90.0,235.0,38.3,709.0,92.0,30.2,32.0,190.0,22.0,11.6,51.0,2.76,18.2
425,Marcin Bułka,pl POL,GK,Nice,fr Ligue 1,24.0,34,34,3060,34.0,100.0,17.0,pl POL,GK,fr Ligue 1,24.0,1999.0,34.0,34.0,3060.0,34.0,41.0,1.21,161.0,120.0,75.8,17.0,9.0,8.0,8.0,23.5,3.0,2.0,1.0,0.0,17.0,pl POL,GK,fr Ligue 1,24.0,1999.0,34.0,41.0,2.0,0.0,4.0,1.0,43.0,0.26,3.0,0.09,112.0,272.0,41.2,948.0,173.0,22.8,28.6,470.0,39.0,8.3,33.0,0.97,12.8
469,Elia Caprile,it ITA,GK,Cagliari,it Serie A,22.0,18,18,1620,18.0,100.0,18.0,it ITA,GK,it Serie A,22.0,2001.0,18.0,18.0,1620.0,18.0,22.0,1.22,66.0,44.0,68.2,5.0,4.0,9.0,5.0,27.8,1.0,1.0,0.0,0.0,18.0,it ITA,GK,it Serie A,22.0,2001.0,18.0,22.0,1.0,0.0,4.0,0.0,23.5,0.35,1.5,0.08,132.0,332.0,39.8,546.0,93.0,44.1,36.8,266.0,18.0,6.8,23.0,1.28,15.6
479,Dani Cárdenas,es ESP,GK,Rayo Vallecano,es La Liga,27.0,6,6,540,6.0,,20.0,es ESP,GK,es La Liga,27.0,1997.0,6.0,6.0,540.0,6.0,6.0,1.0,20.0,14.0,70.0,3.0,1.0,2.0,2.0,33.3,0.0,0.0,0.0,0.0,20.0,es ESP,GK,es La Liga,27.0,1997.0,6.0,6.0,0.0,0.0,0.0,0.0,5.6,0.29,-0.4,-0.06,26.0,106.0,24.5,132.0,21.0,56.8,44.3,79.0,2.0,2.5,1.0,0.17,10.2
490,Marco Carnesecchi,it ITA,GK,Atalanta,it Serie A,24.0,34,34,3060,34.0,100.0,23.0,it ITA,GK,it Serie A,24.0,2000.0,34.0,34.0,3060.0,34.0,34.0,1.0,129.0,97.0,75.2,19.0,7.0,8.0,13.0,38.2,2.0,2.0,0.0,0.0,23.0,it ITA,GK,it Serie A,24.0,2000.0,34.0,34.0,2.0,0.0,4.0,2.0,36.1,0.28,4.1,0.12,121.0,374.0,32.4,878.0,177.0,28.2,32.3,319.0,21.0,6.6,45.0,1.32,14.5
543,Lucas Chevalier,fr FRA,GK,Lille,fr Ligue 1,22.0,34,34,3060,34.0,100.0,24.0,fr FRA,GK,fr Ligue 1,22.0,2001.0,34.0,34.0,3060.0,34.0,36.0,1.06,126.0,91.0,74.6,17.0,9.0,8.0,11.0,32.4,4.0,4.0,0.0,0.0,24.0,fr FRA,GK,fr Ligue 1,22.0,2001.0,34.0,36.0,4.0,0.0,6.0,1.0,42.2,0.32,7.2,0.21,112.0,288.0,38.9,968.0,144.0,25.7,29.6,373.0,21.0,5.6,24.0,0.71,13.9
559,Jasper Cillessen,nl NED,GK,Las Palmas,es La Liga,35.0,27,27,2335,25.9,50.0,26.0,nl NED,GK,es La Liga,35.0,1989.0,27.0,27.0,2335.0,25.9,42.0,1.62,128.0,85.0,70.3,6.0,8.0,13.0,3.0,11.1,8.0,4.0,3.0,1.0,26.0,nl NED,GK,es La Liga,35.0,1989.0,25.9,42.0,4.0,0.0,4.0,2.0,44.3,0.3,4.3,0.16,124.0,409.0,30.3,820.0,142.0,39.5,34.5,413.0,13.0,3.1,20.0,0.77,14.5
590,Diego Conde,es ESP,GK,Villarreal,es La Liga,25.0,22,22,1962,21.8,100.0,28.0,es ESP,GK,es La Liga,25.0,1998.0,22.0,22.0,1962.0,21.8,33.0,1.51,94.0,62.0,68.1,11.0,6.0,5.0,2.0,9.1,4.0,3.0,0.0,1.0,28.0,es ESP,GK,es La Liga,25.0,1998.0,21.8,33.0,3.0,1.0,6.0,1.0,26.3,0.26,-5.7,-0.26,61.0,161.0,37.9,532.0,111.0,22.7,28.2,323.0,18.0,5.6,16.0,0.73,11.9
623,Thibaut Courtois,be BEL,GK,Real Madrid,es La Liga,32.0,30,30,2700,30.0,100.0,30.0,be BEL,GK,es La Liga,32.0,1992.0,30.0,30.0,2700.0,30.0,29.0,0.97,104.0,76.0,75.0,20.0,6.0,4.0,11.0,36.7,3.0,3.0,0.0,0.0,30.0,be BEL,GK,es La Liga,32.0,1992.0,30.0,29.0,3.0,0.0,6.0,1.0,28.7,0.27,0.7,0.02,62.0,214.0,29.0,871.0,173.0,18.5,28.2,350.0,16.0,4.6,14.0,0.47,10.7
644,Finn Dahmen,de GER,GK,Augsburg,de Bundesliga,26.0,19,19,1710,19.0,100.0,31.0,de GER,GK,de Bundesliga,26.0,1998.0,19.0,19.0,1710.0,19.0,19.0,1.0,82.0,65.0,79.3,7.0,6.0,6.0,9.0,47.4,2.0,2.0,0.0,0.0,31.0,de GER,GK,de Bundesliga,26.0,1998.0,19.0,19.0,2.0,0.0,3.0,2.0,24.2,0.29,7.2,0.38,129.0,341.0,37.8,614.0,51.0,38.6,34.9,337.0,9.0,2.7,26.0,1.37,14.7
645,Thomas Dähne,de GER,GK,Holstein Kiel,de Bundesliga,30.0,9,9,810,9.0,100.0,32.0,de GER,GK,de Bundesliga,30.0,1994.0,9.0,9.0,810.0,9.0,19.0,2.11,55.0,36.0,69.1,2.0,2.0,5.0,0.0,0.0,3.0,2.0,1.0,0.0,32.0,de GER,GK,de Bundesliga,30.0,1994.0,9.0,19.0,2.0,1.0,1.0,1.0,18.5,0.3,0.5,0.06,47.0,133.0,35.3,304.0,55.0,25.7,30.3,177.0,15.0,8.5,5.0,0.56,9.3
701,Arthur Desmas,fr FRA,GK,Le Havre,fr Ligue 1,30.0,18,18,1620,18.0,100.0,35.0,fr FRA,GK,fr Ligue 1,30.0,1994.0,18.0,18.0,1620.0,18.0,38.0,2.11,93.0,54.0,61.3,5.0,0.0,13.0,3.0,16.7,3.0,2.0,1.0,0.0,35.0,fr FRA,GK,fr Ligue 1,30.0,1994.0,18.0,38.0,2.0,1.0,4.0,0.0,38.7,0.4,0.7,0.04,56.0,151.0,37.1,404.0,72.0,28.5,30.9,277.0,12.0,4.3,7.0,0.39,11.9
704,Michele Di Gregorio,it ITA,GK,Juventus,it Serie A,27.0,33,33,2970,33.0,87.5,36.0,it ITA,GK,it Serie A,27.0,1997.0,33.0,33.0,2970.0,33.0,32.0,0.97,103.0,71.0,73.8,16.0,13.0,4.0,14.0,42.4,5.0,5.0,0.0,0.0,36.0,it ITA,GK,it Serie A,27.0,1997.0,33.0,32.0,5.0,0.0,6.0,0.0,28.1,0.24,-3.9,-0.12,128.0,333.0,38.4,848.0,126.0,30.0,31.4,469.0,29.0,6.2,30.0,0.91,13.1
743,Yehvann Diouf,sn SEN,GK,Reims,fr Ligue 1,24.0,34,34,3060,34.0,100.0,38.0,sn SEN,GK,fr Ligue 1,24.0,1999.0,34.0,34.0,3060.0,34.0,47.0,1.38,179.0,131.0,76.0,8.0,9.0,17.0,7.0,20.6,5.0,4.0,1.0,0.0,38.0,sn SEN,GK,fr Ligue 1,24.0,1999.0,34.0,47.0,4.0,1.0,8.0,0.0,61.6,0.33,14.6,0.43,154.0,477.0,32.3,993.0,153.0,34.4,33.3,554.0,31.0,5.6,42.0,1.24,14.6
752,Marko Dmitrović,rs SRB,GK,Leganés,es La Liga,32.0,32,32,2880,32.0,100.0,39.0,rs SRB,GK,es La Liga,32.0,1992.0,32.0,32.0,2880.0,32.0,49.0,1.53,150.0,103.0,72.0,8.0,11.0,13.0,10.0,31.3,8.0,7.0,0.0,1.0,39.0,rs SRB,GK,es La Liga,32.0,1992.0,32.0,49.0,7.0,1.0,9.0,2.0,50.2,0.3,3.2,0.1,201.0,765.0,26.3,743.0,112.0,65.3,47.2,579.0,49.0,8.5,53.0,1.66,14.5
765,Gianluigi Donnarumma,it ITA,GK,Paris S-G,fr Ligue 1,25.0,24,24,2091,23.2,100.0,41.0,it ITA,GK,fr Ligue 1,25.0,1999.0,24.0,24.0,2091.0,23.2,25.0,1.08,74.0,49.0,67.6,18.0,5.0,1.0,4.0,16.7,1.0,1.0,0.0,0.0,41.0,it ITA,GK,fr Ligue 1,25.0,1999.0,23.2,25.0,1.0,1.0,4.0,0.0,21.7,0.29,-3.3,-0.14,35.0,101.0,34.7,543.0,90.0,13.6,25.1,199.0,10.0,5.0,19.0,0.82,14.4
788,Patrick Drewes,de GER,GK,Bochum,de Bundesliga,31.0,21,21,1890,21.0,100.0,42.0,de GER,GK,de Bundesliga,31.0,1993.0,21.0,21.0,1890.0,21.0,46.0,2.19,99.0,51.0,56.6,2.0,5.0,14.0,2.0,9.5,5.0,3.0,2.0,0.0,42.0,de GER,GK,de Bundesliga,31.0,1993.0,21.0,46.0,3.0,2.0,4.0,0.0,42.3,0.38,-3.7,-0.18,218.0,484.0,45.0,681.0,65.0,50.1,37.6,285.0,12.0,4.2,33.0,1.57,15.8
791,Martin Dúbravka,sk SVK,GK,Newcastle Utd,eng Premier League,35.0,10,10,900,10.0,100.0,43.0,sk SVK,GK,eng Premier League,35.0,1989.0,10.0,10.0,900.0,10.0,12.0,1.2,41.0,29.0,70.7,7.0,0.0,3.0,5.0,50.0,0.0,0.0,0.0,0.0,43.0,sk SVK,GK,eng Premier League,35.0,1989.0,10.0,12.0,0.0,0.0,1.0,0.0,12.9,0.32,0.9,0.09,18.0,80.0,22.5,273.0,54.0,15.8,25.2,127.0,10.0,7.9,11.0,1.1,15.3
810,Ederson,br BRA,GK,Manchester City,eng Premier League,30.0,26,26,2320,25.8,80.0,44.0,br BRA,GK,eng Premier League,30.0,1993.0,26.0,26.0,2320.0,25.8,26.0,1.01,78.0,53.0,69.2,16.0,4.0,6.0,10.0,38.5,2.0,2.0,0.0,0.0,44.0,br BRA,GK,eng Premier League,30.0,1993.0,25.8,26.0,2.0,0.0,3.0,1.0,30.0,0.37,5.0,0.19,72.0,165.0,43.6,846.0,108.0,17.4,27.9,224.0,13.0,5.8,49.0,1.9,17.5
868,Łukasz Fabiański,pl POL,GK,West Ham,eng Premier League,39.0,14,13,1160,12.9,75.0,45.0,pl POL,GK,eng Premier League,39.0,1985.0,14.0,13.0,1160.0,12.9,21.0,1.63,71.0,50.0,74.6,6.0,3.0,4.0,2.0,15.4,3.0,3.0,0.0,0.0,45.0,pl POL,GK,eng Premier League,39.0,1985.0,12.9,21.0,3.0,1.0,3.0,0.0,22.6,0.29,1.6,0.12,77.0,226.0,34.1,394.0,55.0,41.9,35.5,220.0,10.0,4.5,12.0,0.93,13.1
874,Wladimiro Falcone,it ITA,GK,Lecce,it Serie A,29.0,38,38,3420,38.0,100.0,46.0,it ITA,GK,it Serie A,29.0,1995.0,38.0,38.0,3420.0,38.0,58.0,1.53,181.0,125.0,72.4,8.0,10.0,20.0,9.0,23.7,10.0,8.0,1.0,1.0,46.0,it ITA,GK,it Serie A,29.0,1995.0,38.0,58.0,8.0,3.0,5.0,3.0,53.8,0.26,-1.2,-0.03,220.0,656.0,33.5,1017.0,120.0,51.9,39.1,590.0,29.0,4.9,19.0,0.5,11.0
895,Álvaro Fernández,es ESP,GK,Sevilla,es La Liga,26.0,9,8,747,8.3,100.0,49.0,es ESP,GK,es La Liga,26.0,1998.0,9.0,8.0,747.0,8.3,16.0,1.93,36.0,20.0,61.1,2.0,1.0,5.0,3.0,37.5,2.0,2.0,0.0,0.0,49.0,es ESP,GK,es La Liga,26.0,1998.0,8.3,16.0,2.0,0.0,1.0,0.0,11.0,0.25,-5.0,-0.61,37.0,142.0,26.1,277.0,32.0,39.7,34.3,105.0,7.0,6.7,14.0,1.69,16.5
901,André Ferreira,pt POR,GK,Valladolid,es La Liga,28.0,6,6,540,6.0,0.0,50.0,pt POR,GK,es La Liga,28.0,1996.0,6.0,6.0,540.0,6.0,20.0,3.33,39.0,19.0,56.4,0.0,0.0,6.0,0.0,0.0,3.0,3.0,0.0,0.0,50.0,pt POR,GK,es La Liga,28.0,1996.0,6.0,20.0,3.0,0.0,1.0,0.0,15.3,0.35,-4.7,-0.79,30.0,83.0,36.1,138.0,26.0,37.0,33.8,92.0,4.0,4.3,3.0,0.5,10.4
906,Mark Flekken,nl NED,GK,Brentford,eng Premier League,31.0,37,37,3275,36.4,100.0,51.0,nl NED,GK,eng Premier League,31.0,1993.0,37.0,37.0,3275.0,36.4,55.0,1.51,203.0,150.0,73.4,16.0,8.0,13.0,7.0,18.9,1.0,1.0,0.0,0.0,51.0,nl NED,GK,eng Premier League,31.0,1993.0,36.4,55.0,1.0,0.0,2.0,2.0,52.7,0.26,-0.3,-0.01,249.0,659.0,37.8,1498.0,122.0,33.7,34.4,581.0,46.0,7.9,34.0,0.93,11.5
914,Yahia Fofana,ci CIV,GK,Angers,fr Ligue 1,23.0,33,33,2970,33.0,66.7,52.0,ci CIV,GK,fr Ligue 1,23.0,2000.0,33.0,33.0,2970.0,33.0,51.0,1.55,186.0,135.0,74.2,10.0,6.0,17.0,7.0,21.2,4.0,3.0,0.0,1.0,52.0,ci CIV,GK,fr Ligue 1,23.0,2000.0,33.0,51.0,3.0,0.0,7.0,0.0,63.5,0.34,12.5,0.38,144.0,435.0,33.1,751.0,180.0,38.6,35.8,531.0,48.0,9.0,20.0,0.61,10.7
923,Fraser Forster,eng ENG,GK,Tottenham,eng Premier League,36.0,7,7,630,7.0,100.0,53.0,eng ENG,GK,eng Premier League,36.0,1988.0,7.0,7.0,630.0,7.0,15.0,2.14,42.0,27.0,69.0,1.0,2.0,4.0,1.0,14.3,2.0,2.0,0.0,0.0,53.0,eng ENG,GK,eng Premier League,36.0,1988.0,7.0,15.0,2.0,0.0,1.0,0.0,16.5,0.36,1.5,0.21,11.0,31.0,35.5,141.0,30.0,21.3,27.2,81.0,4.0,4.9,3.0,0.43,11.1
972,Joan García,es ESP,GK,Espanyol,es La Liga,23.0,38,38,3420,38.0,95.5,56.0,es ESP,GK,es La Liga,23.0,2001.0,38.0,38.0,3420.0,38.0,51.0,1.34,192.0,140.0,75.5,11.0,9.0,18.0,8.0,21.1,6.0,4.0,2.0,0.0,56.0,es ESP,GK,es La Liga,23.0,2001.0,38.0,51.0,4.0,2.0,6.0,1.0,57.7,0.28,7.7,0.2,194.0,526.0,36.9,1040.0,197.0,37.6,34.8,670.0,64.0,9.6,35.0,0.92,12.0
982,Paulo Gazzaniga,ar ARG,GK,Girona,es La Liga,32.0,36,36,3195,35.5,33.3,57.0,ar ARG,GK,es La Liga,32.0,1992.0,36.0,36.0,3195.0,35.5,51.0,1.44,143.0,90.0,65.7,11.0,8.0,17.0,8.0,22.2,5.0,2.0,3.0,0.0,57.0,ar ARG,GK,es La Liga,32.0,1992.0,35.5,51.0,2.0,1.0,5.0,1.0,45.4,0.29,-4.6,-0.13,93.0,298.0,31.2,1026.0,137.0,21.6,29.4,419.0,36.0,8.6,33.0,0.93,12.6
986,David de Gea,es ESP,GK,Fiorentina,it Serie A,33.0,34,34,3060,34.0,100.0,58.0,es ESP,GK,it Serie A,33.0,1990.0,34.0,34.0,3060.0,34.0,38.0,1.12,133.0,94.0,72.2,18.0,5.0,11.0,10.0,29.4,3.0,1.0,2.0,0.0,58.0,es ESP,GK,it Serie A,33.0,1990.0,34.0,38.0,1.0,0.0,3.0,1.0,37.0,0.26,0.0,0.0,218.0,490.0,44.5,886.0,129.0,40.1,35.8,478.0,13.0,2.7,28.0,0.8,14.5
1018,Pierluigi Gollini,it ITA,GK,Genoa,it Serie A,29.0,7,7,630,7.0,,59.0,it ITA,GK,it Serie A,29.0,1995.0,7.0,7.0,630.0,7.0,15.0,2.14,32.0,16.0,62.5,1.0,2.0,4.0,1.0,14.3,4.0,3.0,1.0,0.0,59.0,it ITA,GK,it Serie A,29.0,1995.0,7.0,15.0,3.0,0.0,1.0,0.0,12.2,0.29,-2.8,-0.39,33.0,75.0,44.0,198.0,21.0,24.7,30.4,92.0,2.0,2.2,2.0,0.29,9.6
1042,Mathieu Gorgelin,fr FRA,GK,Le Havre,fr Ligue 1,33.0,16,16,1440,16.0,77.8,60.0,fr FRA,GK,fr Ligue 1,33.0,1990.0,16.0,16.0,1440.0,16.0,33.0,2.06,82.0,50.0,63.4,5.0,4.0,7.0,1.0,6.3,3.0,3.0,0.0,0.0,60.0,fr FRA,GK,fr Ligue 1,33.0,1990.0,16.0,33.0,3.0,0.0,4.0,1.0,34.2,0.4,2.2,0.14,79.0,183.0,43.2,435.0,75.0,32.9,32.4,269.0,21.0,7.8,8.0,0.5,10.5
1051,Kamil Grabara,pl POL,GK,Wolfsburg,de Bundesliga,25.0,29,29,2585,28.7,100.0,61.0,pl POL,GK,de Bundesliga,25.0,1999.0,29.0,29.0,2585.0,28.7,49.0,1.71,137.0,88.0,65.7,9.0,7.0,13.0,5.0,17.2,3.0,2.0,1.0,0.0,61.0,pl POL,GK,de Bundesliga,25.0,1999.0,28.7,49.0,2.0,0.0,9.0,1.0,49.7,0.35,1.7,0.06,186.0,511.0,36.4,979.0,114.0,41.7,36.7,413.0,15.0,3.6,19.0,0.66,12.2
1062,Dominik Greif,sk SVK,GK,Mallorca,es La Liga,27.0,31,31,2790,31.0,77.8,62.0,sk SVK,GK,es La Liga,27.0,1997.0,31.0,31.0,2790.0,31.0,34.0,1.1,116.0,83.0,72.4,11.0,8.0,12.0,7.0,22.6,2.0,2.0,0.0,0.0,62.0,sk SVK,GK,es La Liga,27.0,1997.0,31.0,34.0,2.0,0.0,3.0,1.0,33.9,0.28,0.9,0.03,191.0,475.0,40.2,847.0,126.0,41.9,36.4,511.0,15.0,2.9,21.0,0.68,12.9
1073,Vicente Guaita,es ESP,GK,Celta Vigo,es La Liga,37.0,34,34,3060,34.0,100.0,63.0,es ESP,GK,es La Liga,37.0,1987.0,34.0,34.0,3060.0,34.0,48.0,1.41,127.0,79.0,64.6,14.0,7.0,13.0,8.0,23.5,3.0,3.0,0.0,0.0,63.0,es ESP,GK,es La Liga,37.0,1987.0,34.0,48.0,3.0,0.0,6.0,0.0,40.6,0.3,-7.4,-0.22,66.0,220.0,30.0,740.0,195.0,18.4,27.3,436.0,26.0,6.0,44.0,1.29,14.0
1095,Péter Gulácsi,hu HUN,GK,RB Leipzig,de Bundesliga,34.0,30,30,2631,29.2,91.7,64.0,hu HUN,GK,de Bundesliga,34.0,1990.0,30.0,30.0,2631.0,29.2,39.0,1.33,137.0,97.0,73.0,12.0,11.0,7.0,14.0,46.7,3.0,2.0,1.0,0.0,64.0,hu HUN,GK,de Bundesliga,34.0,1990.0,29.2,39.0,2.0,1.0,4.0,0.0,42.6,0.3,3.6,0.12,79.0,209.0,37.8,705.0,140.0,20.3,28.6,434.0,23.0,5.3,34.0,1.16,14.8
1133,Kjetil Haug,no NOR,GK,Toulouse,fr Ligue 1,26.0,6,5,498,5.5,,65.0,no NOR,GK,fr Ligue 1,26.0,1998.0,6.0,5.0,498.0,5.5,7.0,1.27,16.0,9.0,56.3,2.0,2.0,1.0,1.0,20.0,0.0,0.0,0.0,0.0,65.0,no NOR,GK,fr Ligue 1,26.0,1998.0,5.5,7.0,0.0,0.0,2.0,0.0,6.6,0.45,-0.4,-0.06,16.0,60.0,26.7,95.0,13.0,37.9,34.1,72.0,5.0,6.9,3.0,0.54,12.1
1138,Dean Henderson,eng ENG,GK,Crystal Palace,eng Premier League,27.0,38,38,3420,38.0,91.7,66.0,eng ENG,GK,eng Premier League,27.0,1997.0,38.0,38.0,3420.0,38.0,51.0,1.34,150.0,101.0,66.7,13.0,14.0,11.0,11.0,28.9,2.0,1.0,1.0,0.0,66.0,eng ENG,GK,eng Premier League,27.0,1997.0,38.0,51.0,1.0,1.0,5.0,3.0,51.2,0.35,3.2,0.08,157.0,600.0,26.2,942.0,115.0,47.5,38.5,559.0,30.0,5.4,40.0,1.05,14.3
1146,Mads Hermansen,dk DEN,GK,Leicester City,eng Premier League,24.0,27,27,2385,26.5,80.0,67.0,dk DEN,GK,eng Premier League,24.0,2000.0,27.0,27.0,2385.0,26.5,58.0,2.19,155.0,99.0,64.5,3.0,6.0,18.0,1.0,3.7,4.0,3.0,1.0,0.0,67.0,dk DEN,GK,eng Premier League,24.0,2000.0,26.5,58.0,3.0,0.0,3.0,3.0,56.4,0.35,1.4,0.05,114.0,471.0,24.2,926.0,133.0,39.2,34.6,419.0,26.0,6.2,26.0,0.98,13.1
1156,Sergio Herrera,es ESP,GK,Osasuna,es La Liga,31.0,37,37,3330,37.0,83.3,68.0,es ESP,GK,es La Liga,31.0,1993.0,37.0,37.0,3330.0,37.0,52.0,1.41,182.0,131.0,75.3,12.0,15.0,10.0,8.0,21.6,7.0,7.0,0.0,0.0,68.0,es ESP,GK,es La Liga,31.0,1993.0,37.0,52.0,7.0,1.0,4.0,1.0,56.2,0.28,5.2,0.14,277.0,614.0,45.1,966.0,139.0,43.2,37.6,524.0,32.0,6.1,85.0,2.3,19.7
1180,Dinko Horkaš,hr CRO,GK,Las Palmas,es La Liga,25.0,13,11,1085,12.1,,69.0,hr CRO,GK,es La Liga,25.0,1999.0,13.0,11.0,1085.0,12.1,19.0,1.58,54.0,35.0,66.7,2.0,0.0,9.0,1.0,9.1,2.0,1.0,1.0,0.0,69.0,hr CRO,GK,es La Liga,25.0,1999.0,12.1,19.0,1.0,0.0,0.0,1.0,19.4,0.34,1.4,0.11,69.0,175.0,39.4,475.0,53.0,31.8,32.5,148.0,9.0,6.1,16.0,1.33,15.6
1181,Timo Horn,de GER,GK,Bochum,de Bundesliga,31.0,13,13,1170,13.0,100.0,70.0,de GER,GK,de Bundesliga,31.0,1993.0,13.0,13.0,1170.0,13.0,22.0,1.69,54.0,32.0,59.3,3.0,3.0,7.0,3.0,23.1,1.0,0.0,0.0,1.0,70.0,de GER,GK,de Bundesliga,31.0,1993.0,13.0,22.0,0.0,1.0,3.0,0.0,18.5,0.35,-3.5,-0.27,129.0,332.0,38.9,400.0,29.0,60.8,43.6,182.0,6.0,3.3,18.0,1.38,14.8
1185,Lukáš Hrádecký,fi FIN,GK,Leverkusen,de Bundesliga,34.0,29,29,2610,29.0,50.0,71.0,fi FIN,GK,de Bundesliga,34.0,1989.0,29.0,29.0,2610.0,29.0,38.0,1.31,118.0,83.0,71.2,16.0,11.0,2.0,6.0,20.7,4.0,4.0,0.0,0.0,71.0,fi FIN,GK,de Bundesliga,34.0,1989.0,29.0,38.0,4.0,1.0,2.0,3.0,35.8,0.28,0.8,0.03,123.0,306.0,40.2,774.0,110.0,30.9,31.5,296.0,12.0,4.1,39.0,1.34,17.3
1238,Karl Jakob Hein,ee EST,GK,Valladolid,es La Liga,22.0,31,31,2790,31.0,100.0,72.0,ee EST,GK,es La Liga,22.0,2002.0,31.0,31.0,2790.0,31.0,68.0,2.19,163.0,96.0,60.7,4.0,4.0,23.0,5.0,16.1,4.0,4.0,0.0,0.0,72.0,ee EST,GK,es La Liga,22.0,2002.0,31.0,68.0,4.0,1.0,4.0,1.0,58.8,0.35,-8.2,-0.27,165.0,452.0,36.5,941.0,136.0,32.6,33.9,474.0,34.0,7.2,34.0,1.1,14.0
1271,Sam Johnstone,eng ENG,GK,Wolves,eng Premier League,31.0,7,7,630,7.0,100.0,75.0,eng ENG,GK,eng Premier League,31.0,1993.0,7.0,7.0,630.0,7.0,17.0,2.43,39.0,23.0,61.5,0.0,1.0,6.0,0.0,0.0,2.0,2.0,0.0,0.0,75.0,eng ENG,GK,eng Premier League,31.0,1993.0,7.0,17.0,2.0,0.0,5.0,1.0,13.0,0.29,-3.0,-0.43,52.0,129.0,40.3,252.0,28.0,45.6,36.6,104.0,8.0,7.7,11.0,1.57,13.4
1277,Jesse Joronen,fi FIN,GK,Venezia,it Serie A,31.0,8,7,703,7.8,100.0,76.0,fi FIN,GK,it Serie A,31.0,1993.0,8.0,7.0,703.0,7.8,15.0,1.92,40.0,27.0,70.0,1.0,1.0,5.0,2.0,28.6,3.0,3.0,0.0,0.0,76.0,fi FIN,GK,it Serie A,31.0,1993.0,7.8,15.0,3.0,0.0,3.0,2.0,12.6,0.26,-0.4,-0.05,20.0,84.0,23.8,260.0,46.0,28.1,31.0,125.0,6.0,4.8,5.0,0.64,9.4
1287,Luiz Lúcio Reis Júnior,br BRA,GK,Villarreal,es La Liga,23.0,17,16,1458,16.2,85.7,77.0,br BRA,GK,es La Liga,23.0,2001.0,17.0,16.0,1458.0,16.2,18.0,1.11,66.0,48.0,78.8,9.0,4.0,3.0,5.0,31.3,4.0,4.0,0.0,0.0,77.0,br BRA,GK,es La Liga,23.0,2001.0,16.2,18.0,4.0,1.0,0.0,0.0,18.1,0.23,0.1,0.0,61.0,178.0,34.3,392.0,96.0,31.9,31.6,256.0,16.0,6.3,20.0,1.23,12.2
1294,Filip Jørgensen,dk DEN,GK,Chelsea,eng Premier League,22.0,6,6,540,6.0,,78.0,dk DEN,GK,eng Premier League,22.0,2002.0,6.0,6.0,540.0,6.0,9.0,1.5,28.0,19.0,71.4,3.0,0.0,3.0,1.0,16.7,1.0,1.0,0.0,0.0,78.0,dk DEN,GK,eng Premier League,22.0,2002.0,6.0,9.0,1.0,0.0,1.0,0.0,9.3,0.3,0.3,0.04,7.0,33.0,21.2,171.0,19.0,18.1,24.1,53.0,2.0,3.8,2.0,0.33,13.2
1338,Caoimhín Kelleher,ie IRL,GK,Liverpool,eng Premier League,25.0,10,10,900,10.0,100.0,79.0,ie IRL,GK,eng Premier League,25.0,1998.0,10.0,10.0,900.0,10.0,12.0,1.2,37.0,24.0,67.6,7.0,2.0,1.0,4.0,40.0,1.0,0.0,1.0,0.0,79.0,ie IRL,GK,eng Premier League,25.0,1998.0,10.0,12.0,0.0,0.0,1.0,0.0,11.6,0.3,-0.4,-0.04,29.0,115.0,25.2,364.0,49.0,28.6,29.0,113.0,6.0,5.3,9.0,0.9,14.0
1361,Antonín Kinský,cz CZE,GK,Tottenham,eng Premier League,21.0,6,6,540,6.0,100.0,81.0,cz CZE,GK,eng Premier League,21.0,2003.0,6.0,6.0,540.0,6.0,11.0,1.83,32.0,23.0,65.6,1.0,0.0,5.0,1.0,16.7,0.0,0.0,0.0,0.0,81.0,cz CZE,GK,eng Premier League,21.0,2003.0,6.0,11.0,0.0,0.0,1.0,2.0,10.5,0.33,1.5,0.25,17.0,58.0,29.3,186.0,37.0,26.9,30.7,112.0,10.0,8.9,9.0,1.5,12.1
1369,Gregor Kobel,ch SUI,GK,Dortmund,de Bundesliga,26.0,32,32,2880,32.0,100.0,82.0,ch SUI,GK,de Bundesliga,26.0,1997.0,32.0,32.0,2880.0,32.0,47.0,1.47,129.0,82.0,66.7,16.0,6.0,10.0,7.0,21.9,4.0,4.0,0.0,0.0,82.0,ch SUI,GK,de Bundesliga,26.0,1997.0,32.0,47.0,4.0,0.0,5.0,1.0,47.4,0.35,1.4,0.04,112.0,336.0,33.3,1117.0,126.0,23.7,28.6,420.0,22.0,5.2,47.0,1.47,15.7
1371,Hervé Koffi,bf BFA,GK,Lens,fr Ligue 1,27.0,5,5,450,5.0,100.0,83.0,bf BFA,GK,fr Ligue 1,27.0,1996.0,5.0,5.0,450.0,5.0,8.0,1.6,26.0,18.0,76.9,1.0,0.0,4.0,0.0,0.0,2.0,2.0,0.0,0.0,83.0,bf BFA,GK,fr Ligue 1,27.0,1996.0,5.0,8.0,2.0,0.0,1.0,0.0,11.1,0.38,3.1,0.61,14.0,42.0,33.3,115.0,22.0,29.6,33.2,53.0,4.0,7.5,2.0,0.4,9.4
1374,Philipp Köhn,ch SUI,GK,Monaco,fr Ligue 1,26.0,19,19,1710,19.0,100.0,84.0,ch SUI,GK,fr Ligue 1,26.0,1998.0,19.0,19.0,1710.0,19.0,19.0,1.0,63.0,44.0,71.4,11.0,5.0,3.0,8.0,42.1,1.0,1.0,0.0,0.0,84.0,ch SUI,GK,fr Ligue 1,26.0,1998.0,19.0,19.0,1.0,0.0,2.0,0.0,17.2,0.26,-1.8,-0.1,50.0,157.0,31.8,447.0,70.0,25.7,29.9,225.0,16.0,7.1,20.0,1.05,14.8
1404,Matej Kovar,cz CZE,GK,Leverkusen,de Bundesliga,24.0,5,5,450,5.0,50.0,85.0,cz CZE,GK,de Bundesliga,24.0,2000.0,5.0,5.0,450.0,5.0,5.0,1.0,16.0,12.0,68.8,3.0,1.0,1.0,3.0,60.0,0.0,0.0,0.0,0.0,85.0,cz CZE,GK,de Bundesliga,24.0,2000.0,5.0,5.0,0.0,0.0,0.0,1.0,3.5,0.22,-0.5,-0.09,12.0,32.0,37.5,131.0,16.0,21.4,27.9,52.0,2.0,3.8,6.0,1.2,16.9
1433,Nediljko Labrović,hr CRO,GK,Augsburg,de Bundesliga,24.0,15,15,1350,15.0,85.7,86.0,hr CRO,GK,de Bundesliga,24.0,1999.0,15.0,15.0,1350.0,15.0,32.0,2.13,74.0,42.0,60.8,4.0,4.0,7.0,2.0,13.3,3.0,3.0,0.0,0.0,86.0,hr CRO,GK,de Bundesliga,24.0,1999.0,15.0,32.0,3.0,1.0,2.0,0.0,25.9,0.32,-6.1,-0.4,83.0,220.0,37.7,397.0,72.0,38.8,35.2,217.0,12.0,5.5,18.0,1.2,13.3
1437,Alban Lafont,fr FRA,GK,Nantes,fr Ligue 1,25.0,12,12,1080,12.0,100.0,87.0,fr FRA,GK,fr Ligue 1,25.0,1999.0,12.0,12.0,1080.0,12.0,19.0,1.58,49.0,32.0,67.3,2.0,4.0,6.0,2.0,16.7,3.0,3.0,0.0,0.0,87.0,fr FRA,GK,fr Ligue 1,25.0,1999.0,12.0,19.0,3.0,0.0,2.0,2.0,16.8,0.3,-0.2,-0.02,40.0,143.0,28.0,309.0,56.0,34.0,34.9,200.0,16.0,8.0,6.0,0.5,10.6
1449,Gautier Larsonneur,fr FRA,GK,Saint-Étienne,fr Ligue 1,27.0,34,34,3060,34.0,63.6,88.0,fr FRA,GK,fr Ligue 1,27.0,1997.0,34.0,34.0,3060.0,34.0,77.0,2.26,209.0,132.0,69.4,8.0,6.0,20.0,5.0,14.7,15.0,13.0,2.0,0.0,88.0,fr FRA,GK,fr Ligue 1,27.0,1997.0,34.0,77.0,13.0,0.0,4.0,2.0,73.5,0.3,-1.5,-0.04,131.0,486.0,27.0,978.0,145.0,38.8,34.7,510.0,24.0,4.7,33.0,1.0,14.0
1461,Nicola Leali,it ITA,GK,Genoa,it Serie A,31.0,29,29,2610,29.0,100.0,89.0,it ITA,GK,it Serie A,31.0,1993.0,29.0,29.0,2610.0,29.0,31.0,1.07,111.0,82.0,74.8,8.0,10.0,11.0,10.0,34.5,4.0,3.0,1.0,0.0,89.0,it ITA,GK,it Serie A,31.0,1993.0,29.0,31.0,3.0,0.0,4.0,3.0,34.3,0.29,6.3,0.22,150.0,391.0,38.4,722.0,112.0,39.3,33.9,390.0,21.0,5.4,14.0,0.48,11.2
1463,Benjamin Lecomte,fr FRA,GK,Montpellier,fr Ligue 1,33.0,30,30,2700,30.0,100.0,90.0,fr FRA,GK,fr Ligue 1,33.0,1991.0,30.0,30.0,2700.0,30.0,68.0,2.27,173.0,107.0,64.2,3.0,4.0,23.0,1.0,3.3,7.0,6.0,1.0,0.0,90.0,fr FRA,GK,fr Ligue 1,33.0,1991.0,30.0,68.0,6.0,0.0,5.0,3.0,57.3,0.31,-5.7,-0.2,177.0,449.0,39.4,814.0,115.0,42.5,36.2,408.0,20.0,4.9,26.0,0.9,14.3
1476,Bernd Leno,de GER,GK,Fulham,eng Premier League,32.0,38,38,3420,38.0,90.0,91.0,de GER,GK,eng Premier League,32.0,1992.0,38.0,38.0,3420.0,38.0,54.0,1.42,159.0,106.0,67.9,15.0,9.0,14.0,5.0,13.2,4.0,3.0,1.0,0.0,91.0,de GER,GK,eng Premier League,32.0,1992.0,38.0,54.0,3.0,0.0,6.0,2.0,48.9,0.29,-3.1,-0.08,141.0,367.0,38.4,1231.0,167.0,22.7,28.9,507.0,23.0,4.5,33.0,0.87,13.3
1477,Donovan Léon,gf GUF,GK,Auxerre,fr Ligue 1,31.0,32,32,2880,32.0,87.5,92.0,gf GUF,GK,fr Ligue 1,31.0,1992.0,32.0,32.0,2880.0,32.0,48.0,1.5,164.0,118.0,73.8,11.0,8.0,13.0,9.0,28.1,6.0,5.0,1.0,0.0,92.0,gf GUF,GK,fr Ligue 1,31.0,1992.0,32.0,48.0,5.0,0.0,7.0,3.0,55.8,0.32,10.8,0.34,213.0,649.0,32.8,935.0,173.0,53.0,42.0,518.0,28.0,5.4,39.0,1.22,14.6
1514,Anthony Lopes,pt POR,GK,Nantes,fr Ligue 1,33.0,18,18,1563,17.4,66.7,93.0,pt POR,GK,fr Ligue 1,33.0,1990.0,18.0,18.0,1563.0,17.4,26.0,1.5,71.0,46.0,69.0,5.0,6.0,7.0,3.0,16.7,5.0,4.0,0.0,1.0,93.0,pt POR,GK,fr Ligue 1,33.0,1990.0,17.4,26.0,4.0,0.0,1.0,1.0,25.6,0.32,0.6,0.03,89.0,257.0,34.6,451.0,56.0,40.4,35.8,308.0,16.0,5.2,8.0,0.46,11.0
1544,Andriy Lunin,ua UKR,GK,Real Madrid,es La Liga,25.0,7,7,630,7.0,100.0,96.0,ua UKR,GK,es La Liga,25.0,1999.0,7.0,7.0,630.0,7.0,7.0,1.0,20.0,13.0,65.0,6.0,0.0,1.0,4.0,57.1,0.0,0.0,0.0,0.0,96.0,ua UKR,GK,es La Liga,25.0,1999.0,7.0,7.0,0.0,0.0,0.0,0.0,6.4,0.32,-0.6,-0.09,21.0,42.0,50.0,155.0,29.0,20.0,26.9,61.0,2.0,3.3,12.0,1.71,14.9
1572,Mike Maignan,fr FRA,GK,Milan,it Serie A,29.0,37,37,3294,36.6,100.0,97.0,fr FRA,GK,it Serie A,29.0,1995.0,37.0,37.0,3294.0,36.6,41.0,1.12,136.0,97.0,70.6,17.0,9.0,11.0,12.0,32.4,2.0,1.0,1.0,0.0,97.0,fr FRA,GK,it Serie A,29.0,1995.0,36.6,41.0,1.0,1.0,3.0,3.0,36.8,0.26,-1.2,-0.03,118.0,306.0,38.6,1355.0,174.0,17.4,27.8,447.0,26.0,5.8,68.0,1.86,18.7
1576,Radosław Majecki,pl POL,GK,Monaco,fr Ligue 1,24.0,15,15,1350,15.0,100.0,98.0,pl POL,GK,fr Ligue 1,24.0,1999.0,15.0,15.0,1350.0,15.0,22.0,1.47,65.0,43.0,69.2,7.0,2.0,6.0,3.0,20.0,2.0,2.0,0.0,0.0,98.0,pl POL,GK,fr Ligue 1,24.0,1999.0,15.0,22.0,2.0,1.0,1.0,0.0,21.1,0.31,-0.9,-0.06,27.0,112.0,24.1,320.0,76.0,26.6,30.5,154.0,14.0,9.1,18.0,1.2,14.0
1594,Giorgi Mamardashvili,ge GEO,GK,Valencia,es La Liga,23.0,34,34,3060,34.0,66.7,99.0,ge GEO,GK,es La Liga,23.0,2000.0,34.0,34.0,3060.0,34.0,48.0,1.41,136.0,89.0,68.4,11.0,11.0,12.0,8.0,23.5,7.0,5.0,2.0,0.0,99.0,ge GEO,GK,es La Liga,23.0,2000.0,34.0,48.0,5.0,0.0,4.0,3.0,46.1,0.3,1.1,0.03,141.0,449.0,31.4,859.0,134.0,36.0,34.5,472.0,33.0,7.0,38.0,1.12,14.3
1598,Steve Mandanda,fr FRA,GK,Rennes,fr Ligue 1,39.0,18,17,1486,16.5,100.0,100.0,fr FRA,GK,fr Ligue 1,39.0,1985.0,18.0,17.0,1486.0,16.5,23.0,1.39,51.0,29.0,58.8,6.0,2.0,9.0,6.0,35.3,3.0,2.0,1.0,0.0,100.0,fr FRA,GK,fr Ligue 1,39.0,1985.0,16.5,23.0,2.0,0.0,2.0,2.0,17.0,0.29,-4.0,-0.24,61.0,180.0,33.9,426.0,66.0,33.6,32.7,175.0,7.0,4.0,21.0,1.27,15.7
1599,Christos Mandas,gr GRE,GK,Lazio,it Serie A,22.0,9,9,810,9.0,85.7,101.0,gr GRE,GK,it Serie A,22.0,2001.0,9.0,9.0,810.0,9.0,7.0,0.78,27.0,20.0,74.1,3.0,5.0,1.0,4.0,44.4,0.0,0.0,0.0,0.0,101.0,gr GRE,GK,it Serie A,22.0,2001.0,9.0,7.0,0.0,0.0,1.0,0.0,7.9,0.29,0.9,0.1,42.0,124.0,33.9,308.0,36.0,36.4,35.9,130.0,20.0,15.4,22.0,2.44,16.8
1646,Emiliano Martínez,ar ARG,GK,Aston Villa,eng Premier League,31.0,37,37,3194,35.5,90.9,103.0,ar ARG,GK,eng Premier League,31.0,1992.0,37.0,37.0,3194.0,35.5,45.0,1.27,142.0,96.0,69.0,18.0,9.0,10.0,8.0,21.6,2.0,1.0,1.0,0.0,103.0,ar ARG,GK,eng Premier League,31.0,1992.0,35.5,45.0,1.0,1.0,2.0,0.0,45.8,0.32,0.8,0.02,162.0,420.0,38.6,1208.0,132.0,26.3,30.4,498.0,56.0,11.2,35.0,0.99,13.7
1649,Josep Martinez,es ESP,GK,Inter,it Serie A,26.0,5,5,450,5.0,100.0,104.0,es ESP,GK,it Serie A,26.0,1998.0,5.0,5.0,450.0,5.0,3.0,0.6,14.0,11.0,78.6,4.0,1.0,0.0,3.0,60.0,0.0,0.0,0.0,0.0,104.0,es ESP,GK,it Serie A,26.0,1998.0,5.0,3.0,0.0,0.0,0.0,0.0,4.1,0.31,1.1,0.23,23.0,51.0,45.1,216.0,15.0,20.4,28.6,81.0,3.0,3.7,3.0,0.6,15.8
1697,Alex McCarthy,eng ENG,GK,Southampton,eng Premier League,34.0,5,5,450,5.0,100.0,106.0,eng ENG,GK,eng Premier League,34.0,1989.0,5.0,5.0,450.0,5.0,13.0,2.6,37.0,24.0,70.3,0.0,0.0,5.0,0.0,0.0,2.0,2.0,0.0,0.0,106.0,eng ENG,GK,eng Premier League,34.0,1989.0,5.0,13.0,2.0,0.0,1.0,0.0,12.6,0.29,-0.4,-0.07,24.0,52.0,46.2,132.0,29.0,33.3,29.5,74.0,8.0,10.8,0.0,0.0,6.5
1724,Alex Meret,it ITA,GK,Napoli,it Serie A,27.0,34,34,3005,33.4,100.0,107.0,it ITA,GK,it Serie A,27.0,1997.0,34.0,34.0,3005.0,33.4,25.0,0.75,84.0,59.0,71.4,21.0,9.0,4.0,16.0,47.1,4.0,1.0,2.0,1.0,107.0,it ITA,GK,it Serie A,27.0,1997.0,33.4,25.0,1.0,1.0,0.0,2.0,25.3,0.27,2.3,0.07,88.0,214.0,41.1,1041.0,117.0,15.4,27.7,378.0,21.0,5.6,47.0,1.41,16.5
1743,Vanja Milinković-Savić,rs SRB,GK,Torino,it Serie A,27.0,37,37,3330,37.0,84.6,109.0,rs SRB,GK,it Serie A,27.0,1997.0,37.0,37.0,3330.0,37.0,42.0,1.14,173.0,129.0,77.5,10.0,14.0,13.0,10.0,27.0,7.0,3.0,4.0,0.0,109.0,rs SRB,GK,it Serie A,27.0,1997.0,37.0,42.0,3.0,1.0,7.0,2.0,51.4,0.27,11.4,0.31,223.0,702.0,31.8,1352.0,191.0,40.0,37.6,585.0,37.0,6.3,46.0,1.24,13.7
1780,Lorenzo Montipò,it ITA,GK,Hellas Verona,it Serie A,28.0,36,36,3240,36.0,87.5,110.0,it ITA,GK,it Serie A,28.0,1996.0,36.0,36.0,3240.0,36.0,64.0,1.78,161.0,97.0,61.5,9.0,7.0,20.0,8.0,22.2,4.0,2.0,1.0,1.0,110.0,it ITA,GK,it Serie A,28.0,1996.0,36.0,64.0,2.0,0.0,6.0,1.0,50.8,0.31,-12.2,-0.34,210.0,720.0,29.2,760.0,91.0,59.9,43.6,498.0,30.0,6.0,23.0,0.64,11.6
1813,Florian Müller,de GER,GK,Freiburg,de Bundesliga,26.0,9,8,753,8.4,,111.0,de GER,GK,de Bundesliga,26.0,1997.0,9.0,8.0,753.0,8.4,16.0,1.91,30.0,15.0,53.3,4.0,1.0,3.0,1.0,12.5,2.0,2.0,0.0,0.0,111.0,de GER,GK,de Bundesliga,26.0,1997.0,8.4,16.0,2.0,0.0,3.0,1.0,11.6,0.35,-3.4,-0.41,54.0,166.0,32.5,267.0,28.0,44.9,37.1,104.0,6.0,5.8,9.0,1.08,13.4
1814,Kevin Müller,de GER,GK,Heidenheim,de Bundesliga,33.0,33,33,2939,32.7,88.9,112.0,de GER,GK,de Bundesliga,33.0,1991.0,33.0,33.0,2939.0,32.7,64.0,1.96,169.0,105.0,65.7,7.0,5.0,21.0,7.0,21.2,6.0,6.0,0.0,0.0,112.0,de GER,GK,de Bundesliga,33.0,1991.0,32.7,64.0,6.0,0.0,7.0,0.0,59.3,0.33,-4.7,-0.14,152.0,428.0,35.5,1031.0,153.0,31.4,33.8,453.0,21.0,4.6,20.0,0.61,12.0
1815,Marius Müller,de GER,GK,Wolfsburg,de Bundesliga,31.0,6,5,475,5.3,100.0,113.0,de GER,GK,de Bundesliga,31.0,1993.0,6.0,5.0,475.0,5.3,5.0,0.95,23.0,18.0,78.3,2.0,3.0,0.0,1.0,20.0,0.0,0.0,0.0,0.0,113.0,de GER,GK,de Bundesliga,31.0,1993.0,5.3,5.0,0.0,0.0,2.0,0.0,7.6,0.33,2.6,0.49,37.0,97.0,38.1,184.0,29.0,39.1,36.6,99.0,9.0,9.1,3.0,0.57,11.7
1827,Arijanet Muric,xk KVX,GK,Ipswich Town,eng Premier League,25.0,18,18,1620,18.0,91.7,114.0,xk KVX,GK,eng Premier League,25.0,1998.0,18.0,18.0,1620.0,18.0,33.0,1.83,100.0,67.0,70.0,2.0,6.0,10.0,1.0,5.6,3.0,3.0,0.0,0.0,114.0,xk KVX,GK,eng Premier League,25.0,1998.0,18.0,33.0,3.0,0.0,2.0,0.0,31.4,0.29,-1.6,-0.09,76.0,229.0,33.2,534.0,94.0,29.6,30.3,249.0,39.0,15.7,20.0,1.11,12.2
1885,Manuel Neuer,de GER,GK,Bayern Munich,de Bundesliga,38.0,22,22,1980,22.0,100.0,118.0,de GER,GK,de Bundesliga,38.0,1986.0,22.0,22.0,1980.0,22.0,15.0,0.68,45.0,30.0,68.9,18.0,4.0,0.0,13.0,59.1,2.0,1.0,0.0,1.0,118.0,de GER,GK,de Bundesliga,38.0,1986.0,22.0,15.0,1.0,0.0,2.0,0.0,15.0,0.33,0.0,0.0,92.0,194.0,47.4,867.0,81.0,20.0,27.7,162.0,6.0,3.7,40.0,1.82,19.6
1898,Moritz Nicolas,de GER,GK,Gladbach,de Bundesliga,26.0,19,19,1639,18.2,87.5,119.0,de GER,GK,de Bundesliga,26.0,1997.0,19.0,19.0,1639.0,18.2,25.0,1.37,92.0,69.0,78.3,9.0,4.0,6.0,4.0,21.1,5.0,5.0,0.0,0.0,119.0,de GER,GK,de Bundesliga,26.0,1997.0,18.2,25.0,5.0,0.0,1.0,2.0,29.9,0.29,6.9,0.38,95.0,199.0,47.7,734.0,88.0,23.3,28.2,319.0,18.0,5.6,14.0,0.77,12.0
1920,Alexander Nübel,de GER,GK,Stuttgart,de Bundesliga,27.0,34,34,3060,34.0,80.0,120.0,de GER,GK,de Bundesliga,27.0,1996.0,34.0,34.0,3060.0,34.0,53.0,1.56,136.0,83.0,62.5,14.0,8.0,12.0,7.0,20.6,3.0,2.0,1.0,0.0,120.0,de GER,GK,de Bundesliga,27.0,1996.0,34.0,53.0,2.0,1.0,7.0,1.0,44.8,0.32,-7.2,-0.21,157.0,410.0,38.3,1183.0,137.0,30.1,30.7,415.0,21.0,5.1,57.0,1.68,17.6
1927,Ørjan Nyland,no NOR,GK,Sevilla,es La Liga,33.0,30,30,2673,29.7,100.0,121.0,no NOR,GK,es La Liga,33.0,1990.0,30.0,30.0,2673.0,29.7,39.0,1.31,112.0,73.0,67.9,8.0,10.0,12.0,7.0,23.3,4.0,3.0,1.0,0.0,121.0,no NOR,GK,es La Liga,33.0,1990.0,29.7,39.0,3.0,3.0,3.0,1.0,37.1,0.31,-0.9,-0.03,118.0,445.0,26.5,836.0,114.0,42.1,37.2,408.0,20.0,4.9,29.0,0.98,13.8
1938,Jan Oblak,si SVN,GK,Atlético Madrid,es La Liga,31.0,36,36,3240,36.0,100.0,122.0,si SVN,GK,es La Liga,31.0,1993.0,36.0,36.0,3240.0,36.0,30.0,0.83,114.0,86.0,78.1,20.0,10.0,6.0,15.0,41.7,5.0,5.0,0.0,0.0,122.0,si SVN,GK,es La Liga,31.0,1993.0,36.0,30.0,5.0,1.0,3.0,2.0,25.6,0.19,-2.4,-0.07,109.0,277.0,39.4,670.0,183.0,24.3,30.2,488.0,28.0,5.7,28.0,0.78,14.0
1953,Maduka Okoye,ng NGA,GK,Udinese,it Serie A,24.0,25,25,2250,25.0,100.0,123.0,ng NGA,GK,it Serie A,24.0,1999.0,25.0,25.0,2250.0,25.0,40.0,1.6,110.0,73.0,67.3,6.0,4.0,15.0,4.0,16.0,5.0,4.0,0.0,1.0,123.0,ng NGA,GK,it Serie A,24.0,1999.0,25.0,40.0,4.0,2.0,4.0,3.0,37.0,0.32,0.0,0.0,120.0,292.0,41.1,776.0,80.0,29.9,30.2,315.0,14.0,4.4,23.0,0.92,14.1
1968,Jonas Omlin,ch SUI,GK,Gladbach,de Bundesliga,30.0,12,11,978,10.9,100.0,125.0,ch SUI,GK,de Bundesliga,30.0,1994.0,12.0,11.0,978.0,10.9,26.0,2.39,72.0,45.0,66.7,2.0,1.0,8.0,1.0,9.1,3.0,2.0,1.0,0.0,125.0,ch SUI,GK,de Bundesliga,30.0,1994.0,10.9,26.0,2.0,1.0,6.0,0.0,23.8,0.31,-2.2,-0.2,68.0,190.0,35.8,453.0,46.0,34.9,32.7,166.0,3.0,1.8,13.0,1.2,15.1
1972,André Onana,cm CMR,GK,Manchester Utd,eng Premier League,28.0,34,34,3060,34.0,100.0,126.0,cm CMR,GK,eng Premier League,28.0,1996.0,34.0,34.0,3060.0,34.0,44.0,1.29,132.0,88.0,68.9,10.0,9.0,15.0,9.0,26.5,4.0,3.0,1.0,0.0,126.0,cm CMR,GK,eng Premier League,28.0,1996.0,34.0,44.0,3.0,1.0,10.0,1.0,44.0,0.31,1.0,0.03,118.0,440.0,26.8,1152.0,136.0,29.7,30.3,399.0,22.0,5.5,23.0,0.68,11.8
1992,Stefan Ortega,de GER,GK,Manchester City,eng Premier League,31.0,13,12,1100,12.2,100.0,127.0,de GER,GK,eng Premier League,31.0,1992.0,13.0,12.0,1100.0,12.2,18.0,1.47,50.0,33.0,68.0,5.0,4.0,3.0,3.0,25.0,2.0,2.0,0.0,0.0,127.0,de GER,GK,eng Premier League,31.0,1992.0,12.2,18.0,2.0,1.0,1.0,1.0,16.3,0.31,-0.7,-0.06,40.0,104.0,38.5,409.0,55.0,21.5,26.7,133.0,6.0,4.5,12.0,0.98,14.3
2009,Jesús Owono,gq EQG,GK,Alavés,es La Liga,23.0,6,5,487,5.4,,128.0,gq EQG,GK,es La Liga,23.0,2001.0,6.0,5.0,487.0,5.4,7.0,1.29,14.0,7.0,57.1,1.0,1.0,3.0,0.0,0.0,1.0,1.0,0.0,0.0,128.0,gq EQG,GK,es La Liga,23.0,2001.0,5.4,7.0,1.0,0.0,2.0,0.0,5.4,0.37,-1.6,-0.29,46.0,105.0,43.8,126.0,12.0,55.6,43.0,66.0,6.0,9.1,2.0,0.37,8.9
2032,Alex Palmer,eng ENG,GK,Ipswich Town,eng Premier League,27.0,13,13,1170,13.0,100.0,132.0,eng ENG,GK,eng Premier League,27.0,1996.0,13.0,13.0,1170.0,13.0,30.0,2.31,71.0,43.0,59.2,1.0,3.0,9.0,0.0,0.0,1.0,1.0,0.0,0.0,132.0,eng ENG,GK,eng Premier League,27.0,1996.0,13.0,30.0,1.0,0.0,9.0,2.0,25.1,0.35,-2.9,-0.22,71.0,186.0,38.2,329.0,55.0,36.8,33.9,249.0,20.0,8.0,13.0,1.0,11.5
2076,Iñaki Peña,es ESP,GK,Barcelona,es La Liga,25.0,16,15,1396,15.5,100.0,134.0,es ESP,GK,es La Liga,25.0,1999.0,16.0,15.0,1396.0,15.5,18.0,1.16,53.0,35.0,69.8,7.0,3.0,5.0,4.0,26.7,2.0,2.0,0.0,0.0,134.0,es ESP,GK,es La Liga,25.0,1999.0,15.5,18.0,2.0,0.0,1.0,0.0,16.7,0.29,-1.3,-0.08,23.0,78.0,29.5,546.0,80.0,10.8,24.7,143.0,3.0,2.1,89.0,5.74,23.5
2096,Mattia Perin,it ITA,GK,Juventus,it Serie A,31.0,5,5,450,5.0,100.0,137.0,it ITA,GK,it Serie A,31.0,1992.0,5.0,5.0,450.0,5.0,3.0,0.6,16.0,13.0,81.3,2.0,3.0,0.0,3.0,60.0,0.0,0.0,0.0,0.0,137.0,it ITA,GK,it Serie A,31.0,1992.0,5.0,3.0,0.0,0.0,0.0,0.0,3.7,0.23,0.7,0.14,11.0,44.0,25.0,170.0,30.0,22.4,29.4,50.0,3.0,6.0,3.0,0.6,14.0
2098,Lucas Perri,br BRA,GK,Lyon,fr Ligue 1,26.0,33,33,2970,33.0,100.0,138.0,br BRA,GK,fr Ligue 1,26.0,1997.0,33.0,33.0,2970.0,33.0,44.0,1.33,160.0,116.0,74.4,17.0,6.0,10.0,10.0,30.3,3.0,3.0,0.0,0.0,138.0,br BRA,GK,fr Ligue 1,26.0,1997.0,33.0,44.0,3.0,1.0,6.0,0.0,47.8,0.29,3.8,0.12,101.0,310.0,32.6,884.0,183.0,28.1,30.5,415.0,26.0,6.3,29.0,0.88,13.5
2106,Đorđe Petrović,rs SRB,GK,Strasbourg,fr Ligue 1,24.0,31,31,2790,31.0,100.0,139.0,rs SRB,GK,fr Ligue 1,24.0,1999.0,31.0,31.0,2790.0,31.0,38.0,1.23,147.0,110.0,78.9,15.0,8.0,8.0,10.0,32.3,8.0,7.0,1.0,0.0,139.0,rs SRB,GK,fr Ligue 1,24.0,1999.0,31.0,38.0,7.0,0.0,3.0,2.0,45.9,0.27,9.9,0.32,117.0,361.0,32.4,1438.0,127.0,20.9,27.4,491.0,41.0,8.4,47.0,1.52,15.2
2109,Luca Philipp,de GER,GK,Hoffenheim,de Bundesliga,23.0,6,6,540,6.0,,140.0,de GER,GK,de Bundesliga,23.0,2000.0,6.0,6.0,540.0,6.0,15.0,2.5,35.0,21.0,60.0,1.0,3.0,2.0,0.0,0.0,1.0,1.0,0.0,0.0,140.0,de GER,GK,de Bundesliga,23.0,2000.0,6.0,15.0,1.0,0.0,2.0,1.0,12.3,0.34,-1.7,-0.28,30.0,97.0,30.9,157.0,22.0,51.0,38.7,84.0,3.0,3.6,4.0,0.67,12.8
2117,Jordan Pickford,eng ENG,GK,Everton,eng Premier League,30.0,38,38,3420,38.0,83.3,141.0,eng ENG,GK,eng Premier League,30.0,1994.0,38.0,38.0,3420.0,38.0,44.0,1.16,163.0,117.0,73.0,11.0,15.0,12.0,12.0,31.6,2.0,0.0,2.0,0.0,141.0,eng ENG,GK,eng Premier League,30.0,1994.0,38.0,44.0,0.0,1.0,6.0,0.0,48.8,0.3,4.8,0.13,304.0,806.0,37.7,1355.0,161.0,48.8,39.7,558.0,31.0,5.6,57.0,1.5,15.2
2129,Semuel Pizzignacco,it ITA,GK,Monza,it Serie A,22.0,9,8,736,8.2,100.0,142.0,it ITA,GK,it Serie A,22.0,2001.0,9.0,8.0,736.0,8.2,17.0,2.08,38.0,22.0,55.3,1.0,2.0,5.0,1.0,12.5,0.0,0.0,0.0,0.0,142.0,it ITA,GK,it Serie A,22.0,2001.0,8.2,17.0,0.0,1.0,2.0,1.0,12.4,0.33,-3.6,-0.44,39.0,113.0,34.5,273.0,30.0,33.7,31.4,119.0,4.0,3.4,7.0,0.86,12.8
2137,Nick Pope,eng ENG,GK,Newcastle Utd,eng Premier League,32.0,28,28,2520,28.0,91.7,143.0,eng ENG,GK,eng Premier League,32.0,1992.0,28.0,28.0,2520.0,28.0,35.0,1.25,120.0,86.0,71.7,13.0,6.0,9.0,8.0,28.6,2.0,1.0,1.0,0.0,143.0,eng ENG,GK,eng Premier League,32.0,1992.0,28.0,35.0,1.0,0.0,3.0,2.0,34.8,0.28,1.8,0.06,72.0,257.0,28.0,595.0,192.0,25.7,30.7,359.0,39.0,10.9,64.0,2.29,16.0
2151,Ivan Provedel,it ITA,GK,Lazio,it Serie A,30.0,29,29,2610,29.0,87.5,144.0,it ITA,GK,it Serie A,30.0,1994.0,29.0,29.0,2610.0,29.0,42.0,1.45,92.0,52.0,58.7,15.0,6.0,8.0,5.0,17.2,4.0,4.0,0.0,0.0,144.0,it ITA,GK,it Serie A,30.0,1994.0,29.0,42.0,4.0,0.0,3.0,2.0,31.5,0.32,-8.5,-0.29,146.0,374.0,39.0,1009.0,96.0,30.8,33.3,366.0,29.0,7.9,32.0,1.1,14.5
2161,Ionuț Radu,ro ROU,GK,Venezia,it Serie A,27.0,15,15,1350,15.0,100.0,145.0,ro ROU,GK,it Serie A,27.0,1997.0,15.0,15.0,1350.0,15.0,18.0,1.2,65.0,47.0,76.9,2.0,7.0,6.0,4.0,26.7,3.0,3.0,0.0,0.0,145.0,ro ROU,GK,it Serie A,27.0,1997.0,15.0,18.0,3.0,0.0,2.0,0.0,19.2,0.26,1.2,0.08,67.0,275.0,24.4,470.0,61.0,47.7,40.2,215.0,13.0,6.0,3.0,0.2,9.1
2172,Aaron Ramsdale,eng ENG,GK,Southampton,eng Premier League,26.0,30,30,2700,30.0,100.0,148.0,eng ENG,GK,eng Premier League,26.0,1998.0,30.0,30.0,2700.0,30.0,66.0,2.2,188.0,120.0,67.6,2.0,5.0,23.0,3.0,10.0,7.0,5.0,2.0,0.0,148.0,eng ENG,GK,eng Premier League,26.0,1998.0,30.0,66.0,5.0,0.0,10.0,0.0,63.5,0.32,-2.5,-0.08,196.0,605.0,32.4,1026.0,129.0,44.6,36.0,457.0,25.0,5.5,20.0,0.67,11.7
2184,Federico Ravaglia,it ITA,GK,Bologna,it Serie A,24.0,12,11,1056,11.7,100.0,149.0,it ITA,GK,it Serie A,24.0,1999.0,12.0,11.0,1056.0,11.7,14.0,1.19,24.0,10.0,45.8,5.0,2.0,4.0,4.0,36.4,1.0,1.0,0.0,0.0,149.0,it ITA,GK,it Serie A,24.0,1999.0,11.7,14.0,1.0,0.0,2.0,0.0,11.7,0.46,-2.3,-0.2,48.0,138.0,34.8,426.0,45.0,27.5,30.8,97.0,11.0,11.3,9.0,0.77,12.9
2186,David Raya,es ESP,GK,Arsenal,eng Premier League,28.0,38,38,3420,38.0,100.0,150.0,es ESP,GK,eng Premier League,28.0,1995.0,38.0,38.0,3420.0,38.0,34.0,0.89,120.0,86.0,74.2,20.0,14.0,4.0,13.0,34.2,3.0,3.0,0.0,0.0,150.0,es ESP,GK,eng Premier League,28.0,1995.0,38.0,34.0,3.0,2.0,8.0,0.0,35.1,0.28,1.1,0.03,149.0,478.0,31.2,1263.0,178.0,29.9,29.9,402.0,53.0,13.2,66.0,1.74,17.2
2193,Pepe Reina,es ESP,GK,Como,it Serie A,41.0,12,12,1034,11.5,100.0,151.0,es ESP,GK,it Serie A,41.0,1982.0,12.0,12.0,1034.0,11.5,14.0,1.22,41.0,27.0,68.3,3.0,4.0,5.0,2.0,16.7,1.0,1.0,0.0,0.0,151.0,es ESP,GK,it Serie A,41.0,1982.0,11.5,14.0,1.0,0.0,4.0,0.0,12.1,0.28,-1.9,-0.16,43.0,115.0,37.4,330.0,41.0,32.4,31.9,148.0,2.0,1.4,6.0,0.52,12.5
2197,Álex Remiro,es ESP,GK,Real Sociedad,es La Liga,29.0,36,36,3240,36.0,100.0,152.0,es ESP,GK,es La Liga,29.0,1995.0,36.0,36.0,3240.0,36.0,43.0,1.19,130.0,86.0,70.8,13.0,7.0,16.0,13.0,36.1,6.0,5.0,1.0,0.0,152.0,es ESP,GK,es La Liga,29.0,1995.0,36.0,43.0,5.0,0.0,5.0,0.0,38.0,0.26,-5.0,-0.14,180.0,477.0,37.7,1053.0,111.0,31.4,32.6,446.0,29.0,6.5,40.0,1.11,14.4
2200,Guillaume Restes,fr FRA,GK,Toulouse,fr Ligue 1,19.0,29,29,2543,28.3,0.0,153.0,fr FRA,GK,fr Ligue 1,19.0,2005.0,29.0,29.0,2543.0,28.3,36.0,1.27,92.0,58.0,62.0,9.0,7.0,13.0,8.0,27.6,2.0,1.0,1.0,0.0,153.0,fr FRA,GK,fr Ligue 1,19.0,2005.0,28.3,36.0,1.0,1.0,3.0,3.0,27.9,0.29,-5.1,-0.18,80.0,286.0,28.0,675.0,83.0,30.8,30.3,360.0,5.0,1.4,34.0,1.2,16.9
2248,Leo Román,es ESP,GK,Mallorca,es La Liga,24.0,7,7,630,7.0,,156.0,es ESP,GK,es La Liga,24.0,2000.0,7.0,7.0,630.0,7.0,10.0,1.43,49.0,39.0,81.6,2.0,1.0,4.0,2.0,28.6,1.0,1.0,0.0,0.0,156.0,es ESP,GK,es La Liga,24.0,2000.0,7.0,10.0,1.0,0.0,1.0,0.0,13.5,0.26,3.5,0.5,48.0,139.0,34.5,188.0,18.0,53.2,41.8,127.0,8.0,6.3,6.0,0.86,11.2
2276,Gerónimo Rulli,ar ARG,GK,Marseille,fr Ligue 1,32.0,34,34,3060,34.0,87.5,157.0,ar ARG,GK,fr Ligue 1,32.0,1992.0,34.0,34.0,3060.0,34.0,47.0,1.38,135.0,87.0,67.4,20.0,5.0,9.0,5.0,14.7,6.0,3.0,3.0,0.0,157.0,ar ARG,GK,fr Ligue 1,32.0,1992.0,34.0,47.0,3.0,1.0,4.0,2.0,47.5,0.33,2.5,0.07,92.0,202.0,45.5,1097.0,133.0,15.0,24.4,309.0,28.0,9.1,59.0,1.74,18.3
2278,Mathew Ryan,au AUS,GK,Lens,fr Ligue 1,32.0,14,14,1260,14.0,100.0,158.0,au AUS,GK,fr Ligue 1,32.0,1992.0,14.0,14.0,1260.0,14.0,17.0,1.21,62.0,44.0,75.8,8.0,1.0,5.0,6.0,42.9,3.0,2.0,1.0,0.0,158.0,au AUS,GK,fr Ligue 1,32.0,1992.0,14.0,17.0,2.0,0.0,0.0,0.0,19.5,0.28,2.5,0.18,46.0,135.0,34.1,342.0,79.0,31.3,32.3,176.0,20.0,11.4,10.0,0.71,11.6
2280,Frederik Rønnow,dk DEN,GK,Union Berlin,de Bundesliga,31.0,28,28,2520,28.0,100.0,159.0,dk DEN,GK,de Bundesliga,31.0,1992.0,28.0,28.0,2520.0,28.0,37.0,1.32,111.0,71.0,67.6,8.0,11.0,9.0,8.0,28.6,5.0,1.0,4.0,0.0,159.0,dk DEN,GK,de Bundesliga,31.0,1992.0,28.0,37.0,1.0,1.0,1.0,1.0,39.3,0.32,3.3,0.12,143.0,395.0,36.2,734.0,135.0,36.6,34.3,483.0,40.0,8.3,35.0,1.25,13.4
2281,José Sá,pt POR,GK,Wolves,eng Premier League,31.0,29,29,2609,29.0,91.7,160.0,pt POR,GK,eng Premier League,31.0,1993.0,29.0,29.0,2609.0,29.0,48.0,1.66,117.0,69.0,63.2,11.0,5.0,13.0,7.0,24.1,7.0,5.0,2.0,0.0,160.0,pt POR,GK,eng Premier League,31.0,1993.0,29.0,48.0,5.0,1.0,6.0,2.0,42.8,0.33,-3.2,-0.11,94.0,382.0,24.6,771.0,121.0,39.3,35.2,432.0,32.0,7.4,43.0,1.48,15.5
2293,Matvei Safonov,ru RUS,GK,Paris S-G,fr Ligue 1,25.0,10,9,879,9.8,,161.0,ru RUS,GK,fr Ligue 1,25.0,1999.0,10.0,9.0,879.0,9.8,9.0,0.92,25.0,17.0,72.0,7.0,1.0,1.0,3.0,33.3,2.0,2.0,0.0,0.0,161.0,ru RUS,GK,fr Ligue 1,25.0,1999.0,9.8,9.0,2.0,0.0,2.0,1.0,7.2,0.26,-0.8,-0.08,36.0,83.0,43.4,262.0,46.0,26.3,29.1,94.0,5.0,5.3,14.0,1.43,18.0
2318,Brice Samba,fr FRA,GK,Rennes,fr Ligue 1,30.0,17,17,1529,17.0,100.0,162.0,fr FRA,GK,fr Ligue 1,30.0,1994.0,17.0,17.0,1529.0,17.0,27.0,1.59,87.0,58.0,70.1,7.0,0.0,10.0,5.0,29.4,3.0,1.0,2.0,0.0,162.0,fr FRA,GK,fr Ligue 1,30.0,1994.0,17.0,27.0,1.0,1.0,4.0,0.0,29.2,0.32,2.2,0.13,58.0,178.0,32.6,569.0,64.0,24.4,29.7,225.0,16.0,7.1,15.0,0.88,13.2
2319,Brice Samba,fr FRA,GK,Lens,fr Ligue 1,30.0,15,15,1350,15.0,,163.0,fr FRA,GK,fr Ligue 1,30.0,1994.0,15.0,15.0,1350.0,15.0,14.0,0.93,54.0,40.0,81.5,6.0,6.0,3.0,7.0,46.7,4.0,4.0,0.0,0.0,163.0,fr FRA,GK,fr Ligue 1,30.0,1994.0,15.0,14.0,4.0,2.0,3.0,0.0,17.5,0.26,3.5,0.23,82.0,163.0,50.3,435.0,61.0,29.7,30.5,152.0,17.0,11.2,22.0,1.47,16.1
2331,Robert Sánchez,es ESP,GK,Chelsea,eng Premier League,26.0,32,32,2880,32.0,100.0,164.0,es ESP,GK,eng Premier League,26.0,1997.0,32.0,32.0,2880.0,32.0,34.0,1.06,127.0,92.0,76.4,17.0,9.0,6.0,10.0,31.3,5.0,4.0,1.0,0.0,164.0,es ESP,GK,eng Premier League,26.0,1997.0,32.0,34.0,4.0,0.0,4.0,0.0,35.7,0.25,1.7,0.05,98.0,424.0,23.1,1160.0,190.0,33.3,33.4,370.0,47.0,12.7,57.0,1.78,14.5
2347,Kauã Santos,br BRA,GK,Eint Frankfurt,de Bundesliga,21.0,9,8,765,8.5,100.0,165.0,br BRA,GK,de Bundesliga,21.0,2003.0,9.0,8.0,765.0,8.5,12.0,1.41,46.0,35.0,76.1,5.0,1.0,2.0,3.0,37.5,1.0,1.0,0.0,0.0,165.0,br BRA,GK,de Bundesliga,21.0,2003.0,8.5,12.0,1.0,0.0,4.0,1.0,14.3,0.3,3.3,0.39,40.0,116.0,34.5,248.0,34.0,37.1,33.2,137.0,16.0,11.7,18.0,2.12,14.0
2356,Razvan Sava,ro ROU,GK,Udinese,it Serie A,22.0,12,12,1080,12.0,0.0,166.0,ro ROU,GK,it Serie A,22.0,2002.0,12.0,12.0,1080.0,12.0,16.0,1.33,51.0,37.0,74.5,5.0,4.0,3.0,4.0,33.3,3.0,3.0,0.0,0.0,166.0,ro ROU,GK,it Serie A,22.0,2002.0,12.0,16.0,3.0,1.0,4.0,2.0,14.5,0.24,0.5,0.04,44.0,148.0,29.7,337.0,26.0,33.2,32.2,202.0,4.0,2.0,13.0,1.08,14.8
2380,Alexander Schwolow,de GER,GK,Union Berlin,de Bundesliga,32.0,6,6,540,6.0,100.0,167.0,de GER,GK,de Bundesliga,32.0,1992.0,6.0,6.0,540.0,6.0,13.0,2.17,28.0,15.0,57.1,2.0,0.0,4.0,0.0,0.0,1.0,1.0,0.0,0.0,167.0,de GER,GK,de Bundesliga,32.0,1992.0,6.0,13.0,1.0,0.0,0.0,0.0,9.7,0.32,-3.3,-0.55,28.0,73.0,38.4,166.0,26.0,31.3,31.0,85.0,0.0,0.0,4.0,0.67,14.2
2383,Simone Scuffet,it ITA,GK,Cagliari,it Serie A,28.0,13,13,1170,13.0,75.0,168.0,it ITA,GK,it Serie A,28.0,1996.0,13.0,13.0,1170.0,13.0,23.0,1.77,56.0,33.0,67.9,3.0,3.0,7.0,1.0,7.7,5.0,5.0,0.0,0.0,168.0,it ITA,GK,it Serie A,28.0,1996.0,13.0,23.0,5.0,0.0,6.0,0.0,20.4,0.28,-2.6,-0.2,71.0,181.0,39.2,305.0,50.0,42.0,35.5,189.0,6.0,3.2,7.0,0.54,11.8
2391,Matz Sels,be BEL,GK,Nott'ham Forest,eng Premier League,32.0,38,38,3420,38.0,88.2,171.0,be BEL,GK,eng Premier League,32.0,1992.0,38.0,38.0,3420.0,38.0,46.0,1.21,165.0,119.0,73.9,19.0,8.0,11.0,13.0,34.2,3.0,3.0,0.0,0.0,171.0,be BEL,GK,eng Premier League,32.0,1992.0,38.0,46.0,3.0,1.0,5.0,0.0,49.1,0.29,3.1,0.08,244.0,698.0,35.0,715.0,83.0,68.4,44.7,710.0,19.0,2.7,12.0,0.32,8.7
2404,Alen Sherri,al ALB,GK,Cagliari,it Serie A,26.0,7,7,621,6.9,,172.0,al ALB,GK,it Serie A,26.0,1997.0,7.0,7.0,621.0,6.9,11.0,1.59,31.0,20.0,64.5,1.0,2.0,4.0,1.0,14.3,0.0,0.0,0.0,0.0,172.0,al ALB,GK,it Serie A,26.0,1997.0,6.9,11.0,0.0,0.0,0.0,0.0,10.9,0.35,-0.1,-0.02,29.0,84.0,34.5,168.0,22.0,35.7,32.2,85.0,4.0,4.7,5.0,0.72,11.1
2420,Rui Silva,pt POR,GK,Betis,es La Liga,30.0,15,15,1350,15.0,100.0,174.0,pt POR,GK,es La Liga,30.0,1994.0,15.0,15.0,1350.0,15.0,18.0,1.2,54.0,37.0,72.2,5.0,5.0,5.0,4.0,26.7,3.0,3.0,0.0,0.0,174.0,pt POR,GK,es La Liga,30.0,1994.0,15.0,18.0,3.0,0.0,3.0,1.0,18.4,0.3,1.4,0.1,45.0,144.0,31.3,446.0,70.0,26.0,30.8,194.0,10.0,5.2,31.0,2.07,18.9
2421,Marco Silvestri,it ITA,GK,Empoli,it Serie A,33.0,5,5,450,5.0,100.0,175.0,it ITA,GK,it Serie A,33.0,1991.0,5.0,5.0,450.0,5.0,11.0,2.2,27.0,17.0,59.3,0.0,1.0,4.0,0.0,0.0,0.0,0.0,0.0,0.0,175.0,it ITA,GK,it Serie A,33.0,1991.0,5.0,11.0,0.0,0.0,3.0,1.0,8.0,0.32,-2.0,-0.41,35.0,85.0,41.2,135.0,16.0,60.7,41.8,62.0,1.0,1.6,4.0,0.8,12.6
2427,Unai Simón,es ESP,GK,Athletic Club,es La Liga,27.0,21,21,1890,21.0,100.0,176.0,es ESP,GK,es La Liga,27.0,1997.0,21.0,21.0,1890.0,21.0,14.0,0.67,62.0,47.0,79.0,10.0,8.0,3.0,10.0,47.6,2.0,1.0,1.0,0.0,176.0,es ESP,GK,es La Liga,27.0,1997.0,21.0,14.0,1.0,0.0,2.0,0.0,16.3,0.24,2.3,0.11,106.0,284.0,37.3,533.0,91.0,36.2,34.4,249.0,19.0,7.6,28.0,1.33,15.5
2441,Antonio Sivera,es ESP,GK,Alavés,es La Liga,27.0,32,32,2810,31.2,83.3,178.0,es ESP,GK,es La Liga,27.0,1996.0,32.0,32.0,2810.0,31.2,39.0,1.25,112.0,75.0,73.2,9.0,10.0,13.0,8.0,25.0,9.0,9.0,0.0,0.0,178.0,es ESP,GK,es La Liga,27.0,1996.0,31.2,39.0,9.0,2.0,2.0,2.0,39.0,0.28,2.0,0.06,297.0,724.0,41.0,735.0,70.0,71.8,47.7,453.0,30.0,6.6,29.0,0.93,12.7
2447,Łukasz Skorupski,pl POL,GK,Bologna,it Serie A,33.0,27,27,2364,26.3,66.7,179.0,pl POL,GK,it Serie A,33.0,1991.0,27.0,27.0,2364.0,26.3,33.0,1.26,82.0,50.0,61.0,11.0,12.0,4.0,8.0,29.6,2.0,1.0,1.0,0.0,179.0,pl POL,GK,it Serie A,33.0,1991.0,26.3,33.0,1.0,0.0,1.0,2.0,28.7,0.34,-2.3,-0.09,123.0,329.0,37.4,1005.0,113.0,27.9,31.6,215.0,18.0,8.4,23.0,0.88,13.0
2470,Yann Sommer,ch SUI,GK,Inter,it Serie A,35.0,32,32,2880,32.0,100.0,181.0,ch SUI,GK,it Serie A,35.0,1988.0,32.0,32.0,2880.0,32.0,29.0,0.91,110.0,81.0,76.4,20.0,8.0,4.0,13.0,40.6,4.0,3.0,1.0,0.0,181.0,ch SUI,GK,it Serie A,35.0,1988.0,32.0,29.0,3.0,0.0,3.0,1.0,31.7,0.24,0.7,0.02,91.0,226.0,40.3,1199.0,136.0,16.9,26.6,356.0,14.0,3.9,14.0,0.42,13.2
2471,David Soria,es ESP,GK,Getafe,es La Liga,31.0,38,38,3420,38.0,100.0,182.0,es ESP,GK,es La Liga,31.0,1993.0,38.0,38.0,3420.0,38.0,39.0,1.03,126.0,86.0,75.4,11.0,9.0,18.0,9.0,23.7,9.0,8.0,1.0,0.0,182.0,es ESP,GK,es La Liga,31.0,1993.0,38.0,39.0,8.0,0.0,5.0,0.0,42.0,0.29,3.0,0.08,300.0,799.0,37.5,719.0,68.0,72.6,48.8,479.0,25.0,5.2,39.0,1.03,14.7
2472,Juan Soriano,es ESP,GK,Leganés,es La Liga,26.0,6,6,540,6.0,,183.0,es ESP,GK,es La Liga,26.0,1997.0,6.0,6.0,540.0,6.0,7.0,1.17,25.0,19.0,72.0,1.0,2.0,3.0,1.0,16.7,0.0,0.0,0.0,0.0,183.0,es ESP,GK,es La Liga,26.0,1997.0,6.0,7.0,0.0,0.0,1.0,1.0,8.8,0.36,2.8,0.47,36.0,120.0,30.0,131.0,20.0,56.5,43.9,130.0,7.0,5.4,0.0,0.0,8.4
2492,Filip Stankovic,rs SRB,GK,Venezia,it Serie A,22.0,16,16,1367,15.2,100.0,185.0,rs SRB,GK,it Serie A,22.0,2002.0,16.0,16.0,1367.0,15.2,23.0,1.51,83.0,60.0,77.1,2.0,6.0,8.0,0.0,0.0,5.0,4.0,1.0,0.0,185.0,rs SRB,GK,it Serie A,22.0,2002.0,15.2,23.0,4.0,0.0,3.0,1.0,25.2,0.26,3.2,0.21,48.0,161.0,29.8,439.0,51.0,29.4,31.6,249.0,12.0,4.8,13.0,0.86,10.8
2510,Jakub Stolarczyk,pl POL,GK,Leicester City,eng Premier League,23.0,10,10,900,10.0,100.0,187.0,pl POL,GK,eng Premier League,23.0,2000.0,10.0,10.0,900.0,10.0,16.0,1.6,44.0,28.0,63.6,3.0,1.0,6.0,2.0,20.0,0.0,0.0,0.0,0.0,187.0,pl POL,GK,eng Premier League,23.0,2000.0,10.0,16.0,0.0,0.0,2.0,0.0,15.4,0.35,-0.6,-0.06,57.0,195.0,29.2,328.0,36.0,46.3,34.2,169.0,10.0,5.9,8.0,0.8,12.5
2526,Zion Suzuki,jp JPN,GK,Parma,it Serie A,21.0,37,37,3314,36.8,92.9,188.0,jp JPN,GK,it Serie A,21.0,2002.0,36.0,36.0,3240.0,36.8,53.0,1.47,150.0,99.0,68.0,7.0,15.0,15.0,7.0,19.4,5.0,5.0,0.0,0.0,188.0,jp JPN,GK,it Serie A,21.0,2002.0,36.8,53.0,5.0,3.0,5.0,2.0,51.4,0.32,0.4,0.01,204.0,669.0,30.5,1272.0,184.0,41.4,37.5,614.0,64.0,10.4,38.0,1.03,12.1
2530,Mile Svilar,rs SRB,GK,Roma,it Serie A,24.0,38,38,3420,38.0,85.7,189.0,rs SRB,GK,it Serie A,24.0,1999.0,38.0,38.0,3420.0,38.0,35.0,0.92,151.0,117.0,79.5,20.0,9.0,9.0,16.0,42.1,4.0,4.0,0.0,0.0,189.0,rs SRB,GK,it Serie A,24.0,1999.0,38.0,35.0,4.0,0.0,4.0,1.0,42.5,0.26,8.5,0.22,124.0,413.0,30.0,1258.0,170.0,23.8,30.6,495.0,30.0,6.1,33.0,0.87,13.7
2536,Wojciech Szczęsny,pl POL,GK,Barcelona,es La Liga,34.0,15,15,1350,15.0,,190.0,pl POL,GK,es La Liga,34.0,1990.0,15.0,15.0,1350.0,15.0,12.0,0.8,33.0,21.0,66.7,14.0,1.0,0.0,8.0,53.3,1.0,1.0,0.0,0.0,190.0,pl POL,GK,es La Liga,34.0,1990.0,15.0,12.0,1.0,0.0,1.0,0.0,12.0,0.35,0.0,0.0,24.0,63.0,38.1,398.0,61.0,12.3,25.1,130.0,7.0,5.4,56.0,3.73,20.2
2571,Marc-André ter Stegen,de GER,GK,Barcelona,es La Liga,32.0,8,8,674,7.5,100.0,192.0,de GER,GK,es La Liga,32.0,1992.0,8.0,8.0,674.0,7.5,9.0,1.2,22.0,13.0,63.6,7.0,0.0,1.0,1.0,12.5,1.0,1.0,0.0,0.0,192.0,de GER,GK,es La Liga,32.0,1992.0,7.5,9.0,1.0,0.0,1.0,0.0,6.4,0.26,-2.6,-0.34,15.0,31.0,48.4,224.0,40.0,12.1,26.5,83.0,5.0,6.0,13.0,1.74,17.0
2627,Kevin Trapp,de GER,GK,Eint Frankfurt,de Bundesliga,34.0,26,26,2295,25.5,57.1,194.0,de GER,GK,de Bundesliga,34.0,1990.0,26.0,26.0,2295.0,25.5,34.0,1.33,117.0,82.0,70.9,12.0,8.0,6.0,6.0,23.1,2.0,0.0,2.0,0.0,194.0,de GER,GK,de Bundesliga,34.0,1990.0,25.5,34.0,0.0,0.0,6.0,1.0,34.9,0.3,1.9,0.08,89.0,312.0,28.5,813.0,123.0,31.7,29.9,394.0,24.0,6.1,28.0,1.1,13.6
2628,Mark Travers,ie IRL,GK,Bournemouth,eng Premier League,25.0,5,5,450,5.0,100.0,195.0,ie IRL,GK,eng Premier League,25.0,1999.0,5.0,5.0,450.0,5.0,5.0,1.0,25.0,20.0,80.0,2.0,2.0,1.0,1.0,20.0,0.0,0.0,0.0,0.0,195.0,ie IRL,GK,eng Premier League,25.0,1999.0,5.0,5.0,0.0,1.0,1.0,0.0,9.5,0.38,4.5,0.89,33.0,73.0,45.2,103.0,29.0,41.7,36.3,63.0,1.0,1.6,5.0,1.0,12.9
2639,Stefano Turati,it ITA,GK,Monza,it Serie A,22.0,30,30,2676,29.7,75.0,196.0,it ITA,GK,it Serie A,22.0,2001.0,30.0,30.0,2676.0,29.7,52.0,1.75,145.0,93.0,65.5,2.0,7.0,21.0,2.0,6.7,4.0,2.0,2.0,0.0,196.0,it ITA,GK,it Serie A,22.0,2001.0,29.7,52.0,2.0,1.0,8.0,2.0,47.4,0.31,-2.6,-0.09,177.0,442.0,40.0,942.0,126.0,38.3,33.7,414.0,22.0,5.3,26.0,0.87,13.3
2654,Jonas Urbig,de GER,GK,Bayern Munich,de Bundesliga,20.0,8,8,720,8.0,100.0,198.0,de GER,GK,de Bundesliga,20.0,2003.0,8.0,8.0,720.0,8.0,12.0,1.5,28.0,16.0,57.1,4.0,3.0,1.0,2.0,25.0,0.0,0.0,0.0,0.0,198.0,de GER,GK,de Bundesliga,20.0,2003.0,8.0,12.0,0.0,0.0,2.0,0.0,10.3,0.38,-1.7,-0.21,30.0,79.0,38.0,263.0,33.0,26.2,30.9,81.0,5.0,6.2,21.0,2.63,17.4
2676,Nikola Vasilj,ba BIH,GK,St. Pauli,de Bundesliga,28.0,33,33,2969,33.0,100.0,200.0,ba BIH,GK,de Bundesliga,28.0,1995.0,33.0,33.0,2969.0,33.0,39.0,1.18,135.0,93.0,71.9,8.0,7.0,18.0,9.0,27.3,5.0,1.0,4.0,0.0,200.0,ba BIH,GK,de Bundesliga,28.0,1995.0,33.0,39.0,1.0,0.0,5.0,1.0,47.4,0.32,9.4,0.29,164.0,493.0,33.3,1267.0,107.0,34.2,32.7,411.0,24.0,5.8,27.0,0.82,12.8
2677,Devis Vásquez,co COL,GK,Empoli,it Serie A,26.0,32,32,2880,32.0,88.9,201.0,co COL,GK,it Serie A,26.0,1998.0,32.0,32.0,2880.0,32.0,45.0,1.41,125.0,79.0,64.8,6.0,12.0,14.0,6.0,18.8,3.0,1.0,1.0,1.0,201.0,co COL,GK,it Serie A,26.0,1998.0,32.0,45.0,1.0,0.0,4.0,0.0,40.2,0.31,-4.8,-0.15,161.0,560.0,28.8,953.0,104.0,48.5,39.0,490.0,36.0,7.3,15.0,0.47,10.9
2694,Bart Verbruggen,nl NED,GK,Brighton,eng Premier League,21.0,36,36,3240,36.0,90.9,202.0,nl NED,GK,eng Premier League,21.0,2002.0,36.0,36.0,3240.0,36.0,58.0,1.61,143.0,87.0,65.7,14.0,13.0,9.0,7.0,19.4,9.0,9.0,0.0,0.0,202.0,nl NED,GK,eng Premier League,21.0,2002.0,36.0,58.0,9.0,1.0,4.0,2.0,51.0,0.31,-5.0,-0.14,122.0,386.0,31.6,1226.0,122.0,26.9,29.7,414.0,27.0,6.5,47.0,1.31,13.9
2702,Guglielmo Vicario,it ITA,GK,Tottenham,eng Premier League,27.0,24,24,2160,24.0,100.0,203.0,it ITA,GK,eng Premier League,27.0,1996.0,24.0,24.0,2160.0,24.0,37.0,1.54,102.0,67.0,64.7,9.0,3.0,12.0,4.0,16.7,1.0,1.0,0.0,0.0,203.0,it ITA,GK,eng Premier League,27.0,1996.0,24.0,37.0,1.0,0.0,6.0,2.0,37.4,0.36,2.4,0.1,28.0,95.0,29.5,809.0,120.0,10.5,22.8,312.0,30.0,9.6,31.0,1.29,13.3
2740,Christian Walton,eng ENG,GK,Ipswich Town,eng Premier League,28.0,7,7,630,7.0,100.0,207.0,eng ENG,GK,eng Premier League,28.0,1995.0,7.0,7.0,630.0,7.0,19.0,2.71,39.0,20.0,56.4,1.0,1.0,5.0,1.0,14.3,2.0,2.0,0.0,0.0,207.0,eng ENG,GK,eng Premier League,28.0,1995.0,7.0,19.0,2.0,0.0,0.0,0.0,17.1,0.4,-1.9,-0.28,42.0,116.0,36.2,204.0,35.0,42.6,34.3,111.0,12.0,10.8,2.0,0.29,8.2
2754,Timon Weiner,de GER,GK,Holstein Kiel,de Bundesliga,25.0,25,25,2250,25.0,91.7,209.0,de GER,GK,de Bundesliga,25.0,1999.0,25.0,25.0,2250.0,25.0,61.0,2.44,140.0,81.0,59.3,4.0,5.0,16.0,2.0,8.0,4.0,4.0,0.0,0.0,209.0,de GER,GK,de Bundesliga,25.0,1999.0,25.0,61.0,4.0,2.0,5.0,2.0,47.2,0.32,-11.8,-0.47,167.0,444.0,37.6,789.0,116.0,40.2,34.5,491.0,27.0,5.5,18.0,0.72,11.1
2828,Robin Zentner,de GER,GK,Mainz 05,de Bundesliga,29.0,32,32,2880,32.0,100.0,210.0,de GER,GK,de Bundesliga,29.0,1994.0,32.0,32.0,2880.0,32.0,41.0,1.28,142.0,100.0,73.9,13.0,9.0,10.0,9.0,28.1,5.0,4.0,1.0,0.0,210.0,de GER,GK,de Bundesliga,29.0,1994.0,32.0,41.0,4.0,2.0,9.0,0.0,45.0,0.29,4.0,0.12,175.0,567.0,30.9,977.0,132.0,46.2,38.7,524.0,45.0,8.6,58.0,1.81,14.0
2835,Michael Zetterer,de GER,GK,Werder Bremen,de Bundesliga,29.0,34,34,3060,34.0,88.9,211.0,de GER,GK,de Bundesliga,29.0,1995.0,34.0,34.0,3060.0,34.0,57.0,1.68,156.0,102.0,65.4,14.0,9.0,11.0,10.0,29.4,3.0,3.0,0.0,0.0,211.0,de GER,GK,de Bundesliga,29.0,1995.0,34.0,57.0,3.0,2.0,4.0,3.0,52.9,0.33,-1.1,-0.03,134.0,370.0,36.2,1204.0,188.0,27.7,31.9,464.0,35.0,7.5,34.0,1.0,13.5